Area,Perimeter,Major_Axis_Length,Minor_Axis_Length,Eccentricity,Convex_Area,Extent,Class
12442,459.5350037,187.5088501,87.18730164,0.88532275,12941,0.587579668,Cammeo
12408,437.0140076,179.7411652,88.8296051,0.8693434,12598,0.63692826,Osmancik
12867,449.0799866,181.7005615,91.34106445,0.864460349,13152,0.649061739,Osmancik
13090,472.9450073,202.6015778,83.23017883,0.911722243,13331,0.775290191,Cammeo
10359,409.5109863,173.3379669,76.87580872,0.896273136,10510,0.573588014,Osmancik
12986,462.1109924,195.5175781,86.1084671,0.89779532,13288,0.790575922,Cammeo
11928,427.0750122,175.0393982,87.81713104,0.86504215,12121,0.627789497,Osmancik
13621,478.7529907,200.0433197,88.05669403,0.897905588,14068,0.624587297,Cammeo
14795,497.5159912,213.6031799,89.84618378,0.90723604,15002,0.803072274,Cammeo
11941,452.6019897,196.0300446,78.6872406,0.915901124,12131,0.651339114,Cammeo
11421,441.1610107,189.5218506,77.25662231,0.91314286,11610,0.551792443,Cammeo
16933,521.9219971,221.3329773,98.09829712,0.896414876,17212,0.776743114,Cammeo
13425,477.197998,199.7563629,86.64096832,0.901041329,13784,0.611673057,Cammeo
12735,440.7330017,175.2460785,94.10066986,0.843605757,13037,0.799686015,Osmancik
14439,492.553009,211.8521423,87.43466949,0.910859942,14614,0.572794378,Cammeo
15469,514.9069824,221.0183411,89.76701355,0.913805604,15860,0.541783392,Cammeo
10512,418.0669861,170.8183594,79.28153992,0.885768235,10776,0.587919474,Osmancik
11553,433.7770081,183.2213745,80.94514465,0.897119105,11729,0.806773722,Osmancik
12886,455.5180054,189.8598938,87.49918365,0.887471914,13080,0.592296362,Cammeo
13975,482.5889893,203.4164124,88.6671524,0.900000036,14275,0.672651112,Cammeo
12837,463.321991,192.9236755,86.35762024,0.894220948,13229,0.58882618,Osmancik
13455,467.197998,195.9285736,88.51917267,0.892122746,13723,0.753528237,Cammeo
12223,445.4389954,185.0290833,85.37150574,0.887194812,12460,0.796027362,Cammeo
11031,421.2909851,172.6673584,82.59618378,0.878166914,11298,0.72879231,Osmancik
13818,467.8959961,189.2847595,94.47992706,0.866520345,14142,0.617453873,Osmancik
11307,424.8959961,173.9436493,83.69766235,0.876623511,11499,0.738633394,Osmancik
11825,437.4509888,182.3555756,83.6619873,0.888547361,12044,0.730028391,Osmancik
12073,439.7990112,177.3865051,87.63169861,0.869453073,12337,0.684177697,Osmancik
12924,474.4240112,203.019928,81.82215881,0.915188849,13150,0.535732031,Cammeo
11550,420.8370056,172.5393677,85.41178894,0.868877113,11734,0.694695055,Osmancik
11543,432.3139954,174.8412628,86.66760254,0.868497789,11940,0.691197634,Osmancik
11765,429.3349915,174.3313599,86.89266968,0.866927683,11963,0.614681304,Osmancik
11782,433.7369995,182.7408142,83.0475235,0.890769541,12083,0.756565869,Osmancik
13870,484.1270142,203.4182587,88.50323486,0.900391757,14266,0.756517947,Cammeo
7551,369.0639954,163.4088287,59.53240585,0.931275487,7723,0.75646162,Osmancik
9962,408.7210083,165.8337708,78.49386597,0.880885899,10231,0.618680894,Osmancik
11042,411.6229858,168.3597412,84.19003296,0.86599052,11217,0.7918818,Osmancik
13270,459.8659973,188.8933716,90.74984741,0.877033651,13507,0.59944886,Osmancik
16862,519.4710083,219.6599579,98.39157104,0.894070268,17104,0.612273037,Cammeo
13495,466.9590149,196.3955383,88.21305847,0.893451214,13725,0.689575911,Cammeo
15484,504.8190002,211.2880554,94.47180939,0.894472361,15795,0.679122806,Cammeo
14296,484.243988,202.9798584,91.07144928,0.893696308,14572,0.757243514,Cammeo
10696,409.2690125,166.3798828,82.35617828,0.868899345,10883,0.613091826,Osmancik
11322,415.4859924,165.3483429,88.39618683,0.845101535,11545,0.650689662,Osmancik
15072,511.1759949,221.7821045,87.38172913,0.919111252,15392,0.550877213,Cammeo
11883,448.2160034,191.7463531,79.46400452,0.910084605,12103,0.550317228,Cammeo
10040,394.7130127,157.8847198,81.77407837,0.855419755,10231,0.626364708,Osmancik
10527,403.3479919,163.0692444,83.84018707,0.857707143,10725,0.635036469,Osmancik
12653,441.493988,176.0151062,93.18790436,0.848352849,12955,0.764809012,Osmancik
10838,412.4909973,165.197464,84.85578918,0.857992172,11167,0.718319178,Osmancik
12293,442.052002,180.3721771,88.5213089,0.871289015,12607,0.602066815,Osmancik
9759,391.4840088,159.0281372,79.17797852,0.867242157,9999,0.732108057,Osmancik
12467,467.2059937,199.8061523,80.19140625,0.915926516,12900,0.787058055,Cammeo
13698,478.598999,199.060257,88.78964996,0.895011008,13932,0.575594604,Cammeo
10828,415.8510132,167.3562775,83.59038544,0.866327941,11225,0.653706849,Osmancik
14680,502.9039917,217.1950073,87.00278473,0.916264176,15000,0.580857038,Cammeo
11875,425.4509888,174.0941772,87.36473083,0.864969432,12041,0.694525659,Osmancik
15330,501.696991,209.6793213,93.87272644,0.894185483,15617,0.582623899,Cammeo
13029,460.4169922,184.9478912,91.33196259,0.869561076,13410,0.761573553,Osmancik
11512,427.5679932,172.2100983,85.44306183,0.868233442,11802,0.690789104,Osmancik
10736,417.394989,178.9036713,76.73338318,0.903347731,10901,0.743387341,Osmancik
11890,434.026001,178.1897736,85.3498764,0.877824187,12132,0.715920031,Osmancik
11571,432.67099,183.7055969,80.56020355,0.898717105,11741,0.66222173,Cammeo
11343,420.723999,173.5066528,83.82770538,0.875544071,11512,0.609838724,Osmancik
13574,488.4970093,210.6863098,83.74446869,0.917609036,13856,0.551676512,Cammeo
14601,476.2260132,192.6065369,97.93213654,0.861087382,14815,0.627837956,Cammeo
10296,415.7510071,172.3328705,77.06074524,0.89445287,10514,0.610893548,Osmancik
9933,397.7200012,160.8506317,79.78276825,0.868319452,10161,0.706371784,Osmancik
12213,442.2720032,183.6993103,85.81993103,0.884164274,12474,0.795376122,Osmancik
13387,464.6430054,192.3996124,90.31411743,0.882980824,13746,0.753517985,Cammeo
13279,474.2359924,200.5447083,85.00814056,0.905715466,13757,0.728494644,Cammeo
15510,507.3190002,215.9548187,92.47437286,0.903678477,15862,0.599536121,Cammeo
16490,520.3189697,212.0107574,101.6800079,0.877488136,16873,0.629365265,Cammeo
10286,406.7130127,171.0506744,77.44872284,0.891621053,10469,0.61844635,Osmancik
11917,437.3039856,179.5764771,85.64931488,0.878929496,12192,0.639358342,Osmancik
10796,416.2590027,168.6011963,82.71273041,0.871394992,10985,0.598182619,Osmancik
14009,487.0629883,208.6516571,86.59980774,0.909800947,14333,0.75010711,Cammeo
11725,427.1400146,174.7940216,86.7621994,0.868112087,11954,0.634263754,Osmancik
11044,420.2189941,165.992218,87.1315155,0.851155698,11328,0.612942636,Osmancik
15290,519.3170166,221.4296265,88.87734222,0.915911794,15699,0.661561072,Cammeo
15857,515.3220215,219.9654846,93.15426636,0.905898452,16109,0.699162245,Cammeo
12031,446.9899902,178.5896454,88.8414917,0.867486,12425,0.580450594,Osmancik
11622,419.5660095,167.3070679,89.68018341,0.844204366,11854,0.631115913,Osmancik
14451,487.2200012,201.294693,92.73952484,0.887548029,14776,0.647272229,Cammeo
12860,469.5589905,197.661026,84.11711121,0.904929042,13269,0.564530313,Cammeo
14356,492.0220032,209.3755646,88.59430695,0.906066239,14652,0.576824188,Cammeo
12423,436.4930115,180.1210175,88.61711121,0.870602846,12567,0.662242115,Osmancik
10673,404.1380005,162.79039,84.19615936,0.855860949,10869,0.738922715,Osmancik
13002,458.3160095,187.3974609,89.58737946,0.878326774,13319,0.67634207,Osmancik
12220,436.9819946,171.4109192,92.14522552,0.843219638,12653,0.623978734,Osmancik
10474,403.4599915,167.8843994,80.188591,0.878554702,10611,0.788704813,Osmancik
13853,471.6409912,195.2124939,91.29154205,0.883912563,14213,0.653320134,Cammeo
14400,481.506012,193.782959,96.51618958,0.867140651,14876,0.683890581,Cammeo
12419,439.1570129,175.8540649,90.91184998,0.856001556,12675,0.62381959,Osmancik
12546,442.0660095,184.2648315,87.30493164,0.880631745,12744,0.678896129,Osmancik
14421,507.8049927,213.8856812,86.87624359,0.913792789,14881,0.650943398,Cammeo
12579,452.2170105,191.2431793,84.36917114,0.897427619,12889,0.600286305,Cammeo
12451,461.3450012,191.4077759,84.16149902,0.898145974,12833,0.581279159,Osmancik
15133,503.2189941,216.5750275,89.47614288,0.910666823,15359,0.592614353,Cammeo
9621,408.7170105,175.7335663,70.45018005,0.916125298,9779,0.516425133,Osmancik
14329,486.2770081,206.5722961,89.21240234,0.901935816,14588,0.81276232,Cammeo
13121,475.9100037,202.6862335,83.13021851,0.912021518,13439,0.571970344,Cammeo
16104,507.4289856,206.0707397,100.7536316,0.872324467,16457,0.605413556,Cammeo
11176,418.0559998,171.3155823,83.93949127,0.871739328,11387,0.79703325,Osmancik
13562,474.2189941,194.6127625,90.66897583,0.884840369,13871,0.713338971,Cammeo
10106,408.9419861,167.7952576,78.30336761,0.884436727,10424,0.781230688,Osmancik
12234,449.3800049,188.6259308,83.90933228,0.895607471,12492,0.594749629,Cammeo
12092,449.1889954,192.5794983,80.42227936,0.908628404,12298,0.583928943,Cammeo
12158,441.4779968,182.2872925,85.52101135,0.883115768,12359,0.71551317,Cammeo
12060,438.7749939,177.4010315,87.37784576,0.870287478,12420,0.648666084,Osmancik
13568,478.3110046,204.0691223,85.50912476,0.907976806,13819,0.568316996,Cammeo
13277,486.9559937,201.8391418,85.25986481,0.906402588,13771,0.611054838,Cammeo
13118,480.0859985,207.1090393,81.70571136,0.918893456,13652,0.568765163,Cammeo
11506,433.3420105,183.4458618,80.3972702,0.898847461,11675,0.617009878,Osmancik
14345,491.0190125,207.2198334,88.91106415,0.903272986,14650,0.592621684,Cammeo
16588,531.3950195,221.885498,96.65257263,0.900142014,16854,0.578987777,Cammeo
15888,518.5549927,218.1940918,94.05685425,0.902318656,16245,0.55753237,Cammeo
11220,418.5490112,172.7580261,83.32672119,0.875988543,11380,0.60661763,Osmancik
13500,476.9150085,202.5466766,85.4054718,0.906754851,13800,0.717703342,Cammeo
13315,476.2030029,205.1886139,83.0610199,0.914403796,13510,0.551574171,Cammeo
13858,490.5700073,203.7094727,88.17392731,0.901470006,14265,0.653186262,Cammeo
11961,429.3670044,175.4431305,87.64792633,0.866267622,12149,0.611034513,Osmancik
10524,402.4949951,164.0819397,82.46437836,0.864530444,10713,0.632527947,Osmancik
11867,434.8129883,185.704483,81.847229,0.897635221,12004,0.681072056,Osmancik
10453,421.5159912,171.9844513,78.82699585,0.888778031,10701,0.578985274,Osmancik
14558,496.3049927,204.3606262,91.956604,0.893042564,14908,0.569472671,Cammeo
14588,502.5690002,214.8956146,88.20729828,0.911876023,14923,0.536146104,Cammeo
15475,511.427002,219.1482391,91.4625473,0.90874368,15759,0.788735986,Cammeo
11723,427.625,175.9842224,85.70833588,0.873389244,11916,0.802066207,Osmancik
9468,386.4979858,162.4738922,74.97503662,0.887161553,9608,0.753761649,Osmancik
13662,466.7479858,191.4051208,91.9151535,0.877152145,13875,0.587461293,Cammeo
10604,425.9259949,179.1511841,76.3516922,0.904635668,10830,0.574898362,Cammeo
13314,474.0870056,203.9480133,83.6628418,0.911988139,13627,0.747138023,Cammeo
10773,414.8919983,159.6753082,88.12444305,0.833911836,11174,0.6328125,Osmancik
11718,427.1459961,164.7481995,93.12975311,0.824895382,12155,0.720309794,Osmancik
14470,489.7860107,207.3626556,89.81264496,0.901336908,14724,0.619620621,Cammeo
10480,414.8089905,177.8561249,75.2631073,0.90605104,10657,0.630338013,Osmancik
9854,397.0669861,169.1532288,74.63223267,0.897403479,9992,0.723920047,Osmancik
11874,435.9360046,177.2800293,86.48963928,0.872916222,12097,0.722482502,Osmancik
15238,496.8710022,208.5317841,93.82839966,0.893054903,15487,0.732314467,Cammeo
13218,454.9979858,182.5783997,93.23714447,0.859777331,13459,0.733314812,Osmancik
16500,523.3460083,219.7241364,97.14173126,0.896961987,16880,0.630637527,Cammeo
10693,408.70401,167.5240936,82.57571411,0.870075524,10911,0.740922928,Osmancik
11247,419.1910095,173.8454895,82.95931244,0.878793955,11439,0.692719877,Osmancik
9622,403.7739868,170.7179871,72.92540741,0.904171884,9897,0.702900112,Osmancik
16024,527.4210205,226.2627716,91.60111237,0.914385796,16355,0.535686851,Cammeo
12128,441.7120056,184.3051453,84.94325256,0.88746053,12327,0.622331679,Osmancik
14184,479.2340088,197.4643097,92.07521057,0.884633064,14537,0.60383141,Cammeo
12376,455.7330017,188.8243408,85.17462921,0.892484188,12702,0.563955367,Osmancik
10713,443.4039917,192.8861847,71.78689575,0.928163648,10969,0.696101367,Osmancik
14172,500.4289856,218.5715637,83.36390686,0.924408734,14399,0.608815193,Cammeo
11545,429.0979919,176.9992981,84.10533905,0.87989223,11816,0.705857158,Osmancik
16582,532.3579712,223.3588409,95.74971771,0.903455853,17089,0.714310348,Cammeo
12489,442.8699951,176.243042,91.78190613,0.853697658,12812,0.621003449,Osmancik
14400,486.8999939,200.1377106,93.24651337,0.88483119,14714,0.618131876,Cammeo
12708,437.45401,174.3581238,93.8477478,0.842787087,12893,0.643443048,Osmancik
11169,431.8009949,188.453949,75.71424103,0.915742695,11332,0.538654447,Osmancik
11675,429.1300049,173.4181976,86.83406067,0.86560899,11888,0.737337351,Osmancik
14439,492.322998,205.4156342,91.42163086,0.895502329,14867,0.780824125,Cammeo
13169,474.8370056,201.3801117,84.48709106,0.907736659,13505,0.547112584,Cammeo
11794,434.618988,176.4444427,86.10284424,0.87285012,12110,0.598376453,Osmancik
11318,427.756012,175.5746613,83.88063049,0.878496349,11628,0.589479148,Osmancik
10806,408.6759949,163.7159424,85.63248444,0.852298796,11069,0.611441195,Osmancik
13133,450.1319885,179.1512146,94.11334991,0.8508991,13351,0.635303795,Osmancik
11874,433.8439941,176.6112518,87.04949188,0.870092988,12138,0.734413683,Cammeo
15746,503.2309875,204.8744354,99.44870758,0.874284983,16171,0.753036797,Cammeo
12593,463.368988,195.7576294,83.07966614,0.905474484,12907,0.697750449,Cammeo
12744,467.9249878,200.6121674,81.70650482,0.913300693,13047,0.714509964,Cammeo
12042,440.7000122,177.1113586,88.22966003,0.867085576,12424,0.751685381,Osmancik
11074,426.5249939,182.8318939,77.69914246,0.905204654,11291,0.744821072,Osmancik
12181,430.9490051,177.6576233,87.49514771,0.870316386,12353,0.756583869,Osmancik
14060,496.0350037,211.3755188,85.93526459,0.913627386,14448,0.672598541,Cammeo
10533,411.0130005,168.5183258,80.82944489,0.877461135,10834,0.636973858,Osmancik
10968,406.7940063,161.5101318,87.89692688,0.838943005,11184,0.693738163,Osmancik
11742,437.9030151,182.2570648,83.00418091,0.890274823,11974,0.588896155,Osmancik
11111,419.9299927,175.137146,81.11838531,0.886269093,11278,0.588319361,Osmancik
15713,518.4520264,218.7672577,92.42917633,0.906362891,16038,0.583519042,Cammeo
11462,424.5570068,175.4199982,84.14051819,0.87745893,11650,0.798245013,Osmancik
10728,415.927002,169.2743378,81.99688721,0.874845326,10996,0.593100369,Osmancik
14093,488.5979919,204.3924561,89.15960693,0.89984113,14463,0.581106722,Cammeo
16005,518.8930054,221.2155304,93.13295746,0.90705806,16343,0.551041484,Cammeo
12752,455.3519897,191.7622375,85.68017578,0.894631803,12938,0.572403252,Osmancik
13877,489.6229858,205.1451263,86.93637085,0.905765235,14176,0.563807726,Cammeo
12620,458.8869934,193.8964233,84.0860672,0.901074231,12866,0.75253427,Osmancik
14304,489.0369873,211.0266113,86.83942413,0.911405563,14483,0.577729285,Cammeo
15158,513.7260132,218.8200073,89.37168884,0.91279161,15591,0.701759279,Cammeo
16226,524.2050171,216.8732605,96.65367889,0.895197868,16748,0.648624897,Cammeo
13091,473.1520081,203.8627014,82.55069733,0.914346457,13451,0.75235635,Cammeo
11702,432.7739868,177.7246094,84.66332245,0.879242897,11975,0.597162664,Cammeo
13446,475.1279907,198.6995544,87.37929535,0.898117363,13765,0.575722516,Cammeo
13678,472.1229858,200.25354,88.02668762,0.89820534,13879,0.578840435,Cammeo
14482,489.3179932,205.3863068,90.8004303,0.896967828,14781,0.568903208,Cammeo
14050,481.2510071,191.8238525,95.06197357,0.86856854,14600,0.607698977,Cammeo
12198,432.0270081,176.9954376,88.56768799,0.865797043,12400,0.749493062,Osmancik
11343,416.4689941,171.6786041,84.90172577,0.869155586,11492,0.734745443,Osmancik
12848,455.644989,184.6360474,90.0109787,0.873120248,13227,0.690159023,Osmancik
12263,438.1380005,175.740448,90.18716431,0.858278692,12634,0.718310714,Osmancik
10472,412.9890137,168.2035522,80.14659882,0.87918222,10772,0.619425058,Osmancik
13029,466.8869934,197.7262421,84.60392761,0.903833568,13300,0.610057592,Cammeo
12468,461.5499878,196.8182831,81.54729462,0.910127699,12786,0.676505685,Cammeo
12215,445.2950134,180.9094696,87.40585327,0.875539303,12448,0.588107824,Osmancik
12147,436.0700073,177.5502167,88.561409,0.866719186,12421,0.687047482,Osmancik
14571,489.4330139,206.7878876,90.45136261,0.899261534,14839,0.605510294,Cammeo
12450,443.3720093,181.6820984,88.50524902,0.87332195,12730,0.71453166,Osmancik
14470,486.2600098,208.3336639,89.34396362,0.903375566,14657,0.576539934,Cammeo
11672,430.6419983,177.9481506,84.67978668,0.87951684,11849,0.597461104,Osmancik
14994,508.3070068,215.569809,89.61988068,0.909485877,15246,0.550764024,Cammeo
13328,462.256012,187.2299805,91.63737488,0.872038364,13606,0.609837592,Osmancik
10983,417.7099915,171.8403473,82.69300842,0.876599848,11229,0.774814844,Osmancik
14944,490.0440063,201.3465424,96.04631805,0.878892481,15305,0.610657096,Cammeo
13140,467.0169983,192.6157532,89.47255707,0.885566235,13570,0.638918579,Osmancik
12244,455.2749939,192.5073853,81.42861938,0.906134546,12480,0.575240791,Cammeo
11915,433.2839966,178.5229034,86.50725555,0.87475121,12101,0.626314104,Osmancik
15196,501.303009,212.3297577,92.00544739,0.901243031,15463,0.768406153,Cammeo
12622,458.2749939,189.6963348,86.54058838,0.88987422,13019,0.764413774,Osmancik
13319,468.2319946,192.9272461,89.33763123,0.886324942,13694,0.695218682,Cammeo
13921,486.3880005,203.1841736,88.83795929,0.899350345,14334,0.580186725,Cammeo
14789,492.9519958,206.7086792,92.60356903,0.8940382,15069,0.747825623,Cammeo
12736,447.8699951,182.7711792,89.68170929,0.871341288,12964,0.752718687,Cammeo
11658,443.2609863,179.8141937,83.87640381,0.884541512,12024,0.593101323,Osmancik
14645,485.1130066,201.1537781,93.58039856,0.88519603,14889,0.646407127,Cammeo
14988,491.7070007,205.0606689,94.85704041,0.886577368,15270,0.582013071,Cammeo
12630,444.0589905,180.0848846,90.35011292,0.865036786,12855,0.67761147,Osmancik
10088,406.6610107,169.0680237,77.4307251,0.888959587,10331,0.675958216,Osmancik
13657,469.2369995,193.1074219,90.77803802,0.88261801,13930,0.615346491,Cammeo
13965,478.5769958,203.2763519,88.1075058,0.901183844,14135,0.80787921,Cammeo
12354,453.0899963,192.0067444,82.873703,0.902056158,12602,0.65761739,Osmancik
14819,497.8349915,210.3746796,90.7098465,0.902264833,15119,0.590680778,Cammeo
14466,497.8399963,204.4095459,91.21478271,0.89491564,14885,0.656500995,Cammeo
12907,465.3420105,195.6549683,84.88217926,0.900991857,13151,0.573338687,Cammeo
11827,455.2210083,194.7844543,78.43153381,0.915350497,12212,0.769986987,Cammeo
10190,397.7860107,161.4774323,81.7153244,0.862505376,10476,0.786265433,Osmancik
13806,490.5100098,209.7208405,85.13124084,0.91390574,14284,0.795872509,Cammeo
13098,458.7330017,187.3157654,90.63008118,0.875158787,13423,0.601930141,Osmancik
14414,476.3210144,194.8597565,94.98594666,0.873146415,14664,0.66387254,Osmancik
14198,485.9030151,205.1043549,89.31971741,0.900196314,14414,0.565837741,Cammeo
15381,503.57901,211.8835297,93.30974579,0.8978104,15749,0.740325391,Cammeo
14500,495.1069946,214.2878418,86.66110992,0.914575815,14712,0.581208944,Cammeo
11940,443.9679871,187.3336182,82.18278503,0.898634791,12184,0.636392713,Cammeo
10956,422.1719971,178.3518677,79.15714264,0.896113157,11131,0.573132455,Osmancik
11539,423.6910095,172.5359192,86.05995941,0.866720319,11767,0.641697228,Osmancik
10685,416.7170105,173.2751465,79.70606995,0.88792038,10871,0.706679881,Osmancik
14476,489.2380066,203.8588409,91.66152954,0.893213689,14807,0.679847836,Cammeo
10066,413.2829895,177.3069,73.48820496,0.910063446,10262,0.546411872,Osmancik
11051,421.3479919,166.9126282,85.74882507,0.857949018,11421,0.693330824,Osmancik
11818,433.8280029,175.963913,86.77378082,0.869953394,12118,0.714942515,Osmancik
13667,463.8420105,197.3556519,88.58672333,0.893597841,13829,0.634523451,Osmancik
10534,423.6210022,176.3437195,77.70800018,0.89767307,10826,0.804244936,Osmancik
15199,489.5440063,205.3157349,94.80870056,0.886999547,15419,0.763999224,Cammeo
14525,487.2160034,206.450119,90.84385681,0.897983968,14798,0.593341529,Cammeo
11243,430.9330139,179.9996643,81.03175354,0.89293921,11524,0.738941848,Osmancik
11912,439.6359863,179.9776001,85.30269623,0.880544841,12222,0.603964925,Osmancik
13502,473.0119934,198.1473846,88.03559113,0.895881295,13778,0.753880501,Cammeo
11986,433.2940063,173.2250519,89.39892578,0.856537104,12243,0.622422993,Osmancik
10427,408.1570129,164.5542297,81.85787201,0.867491364,10689,0.795104444,Osmancik
13186,477.3340149,201.5967712,84.66999054,0.907525599,13516,0.541831017,Cammeo
12218,442.6860046,184.3535004,85.83971405,0.884981751,12468,0.642038882,Osmancik
14561,493.5299988,208.6929626,89.70529175,0.902903438,14986,0.772057235,Cammeo
10580,409.0889893,173.3169861,78.04711914,0.892870128,10731,0.581318676,Osmancik
16059,522.723999,217.8501434,95.15388489,0.899565458,16675,0.688459218,Cammeo
14242,495.7390137,210.6809235,87.42848969,0.909830272,14549,0.640954077,Cammeo
11961,445.053009,182.4438934,85.08979034,0.884579837,12370,0.612254322,Osmancik
11454,424.95401,175.0766602,84.24492645,0.876617014,11646,0.733102918,Osmancik
10816,417.7810059,170.9293213,81.66611481,0.87848109,11119,0.589106739,Osmancik
10588,404.3240051,163.6620789,83.96915436,0.858350217,10756,0.614866436,Osmancik
12916,471.1960144,201.0029144,82.65473938,0.911539912,13199,0.557036281,Cammeo
11036,435.4989929,186.0784149,76.30805969,0.912047088,11305,0.597574174,Osmancik
12356,427.8980103,173.0211639,91.67183685,0.848103762,12524,0.798707187,Osmancik
14838,500.1619873,211.9825439,90.94657135,0.903290927,15165,0.786410868,Cammeo
13045,446.006012,174.6897736,96.45601654,0.833740771,13351,0.632791638,Osmancik
14786,505.3890076,214.2183838,89.42656708,0.908697546,15177,0.7341609,Cammeo
11136,419.5209961,172.7373352,82.87893677,0.877379298,11373,0.706150949,Osmancik
12287,444.1749878,181.921051,87.73918152,0.87601018,12508,0.653737724,Osmancik
13501,485.756012,205.7710114,84.90839386,0.910896301,13896,0.658521116,Cammeo
11679,439.1860046,181.4267731,83.52565765,0.887720823,11949,0.567492723,Osmancik
13684,464.5660095,189.5310516,92.90573883,0.871617079,13928,0.605647504,Cammeo
15926,522.7399902,225.7360535,91.05709076,0.915033162,16240,0.779768884,Cammeo
11694,431.3890076,177.0701599,85.1100235,0.87690866,11875,0.687882364,Osmancik
12437,442.4989929,183.5729218,86.80197906,0.881144345,12645,0.626738548,Osmancik
13039,480.1109924,205.8575745,81.43621063,0.918425083,13288,0.576309383,Osmancik
11497,438.9100037,179.6929169,82.84305573,0.887386739,11820,0.574390471,Osmancik
13269,485.6149902,207.1224518,83.32397461,0.915510833,13741,0.714770496,Cammeo
12213,459.1669922,195.5865479,80.6401062,0.911048651,12571,0.543403804,Cammeo
10780,410.855011,162.4277344,86.18075562,0.847635448,11047,0.66707921,Osmancik
15009,507.4169922,217.1329956,88.92488098,0.912291646,15387,0.598588169,Cammeo
14195,488.4599915,203.5127106,89.95865631,0.897000432,14555,0.71735394,Cammeo
11303,423.9549866,173.8369598,83.37648773,0.877473772,11527,0.619682014,Osmancik
11783,453.105011,192.6842957,79.17370605,0.911681056,12102,0.670440972,Cammeo
15119,508.3420105,213.379303,91.25335693,0.903940618,15612,0.723778069,Cammeo
13111,467.6210022,193.5677185,88.06787109,0.890505791,13456,0.619173527,Osmancik
14602,500.2330017,218.4880524,85.67758179,0.919906199,14827,0.583636463,Cammeo
11995,477.4110107,216.4877472,70.77008057,0.945058584,12168,0.666055858,Cammeo
11740,440.5639954,181.2036896,83.45518494,0.887628555,12030,0.579009652,Osmancik
13443,469.45401,196.6380157,87.97914886,0.894325554,13686,0.572261691,Osmancik
12419,452.1990051,183.3866119,87.75106812,0.878085852,12720,0.582286179,Osmancik
11910,427.2789917,173.2954407,88.56226349,0.859552264,12191,0.773376644,Osmancik
12758,451.3699951,180.7394409,91.56465149,0.862174571,13170,0.649063885,Osmancik
11861,438.644989,177.9155121,86.46606445,0.873961508,12150,0.589395761,Osmancik
11274,425.0549927,173.3803253,83.83379364,0.875330329,11526,0.652770519,Osmancik
13088,450.2109985,184.7501984,91.24625397,0.869524419,13266,0.799218357,Osmancik
11723,432.7460022,176.9750824,85.09567261,0.876811564,12013,0.665587902,Osmancik
11411,429.1010132,175.3561401,83.65203094,0.878881156,11636,0.598060787,Osmancik
10222,423.4970093,182.8002472,72.1242981,0.91887337,10421,0.820385218,Osmancik
11508,429.20401,178.3140106,83.02278137,0.884995937,11772,0.788435161,Osmancik
12093,432.8280029,176.8203125,88.09726715,0.867044628,12351,0.705131173,Osmancik
15813,495.2680054,203.7946777,99.68769073,0.872195482,16095,0.735248983,Cammeo
15552,492.9819946,198.2062683,101.6440125,0.858496547,15936,0.627451003,Cammeo
11739,430.4920044,170.7973633,89.44210052,0.851918876,11963,0.582580626,Osmancik
14549,488.9530029,206.6948242,90.76068878,0.898435831,14856,0.582472563,Cammeo
13148,481.7219849,201.5188904,84.54153442,0.907745302,13572,0.623748779,Cammeo
10534,409.625,167.988205,80.67377472,0.877139986,10753,0.609606504,Osmancik
13722,482.3429871,202.278183,87.75389099,0.900995851,14189,0.605667353,Cammeo
14181,485.2449951,206.8582764,87.94334412,0.905128479,14423,0.647830069,Cammeo
15907,527.2109985,224.2521973,91.44113922,0.913089037,16206,0.547667384,Cammeo
12487,437.1210022,174.2112274,92.41957092,0.847683072,12808,0.695460856,Osmancik
14146,504.3559875,214.0628815,85.7449646,0.916270673,14716,0.625265181,Cammeo
15167,514.2310181,220.546524,88.99761963,0.914965451,15456,0.628033102,Cammeo
10948,408.4389954,167.1761169,83.6878891,0.865680397,11132,0.754670143,Osmancik
10386,403.29599,166.7865601,80.29826355,0.876477242,10554,0.644452691,Osmancik
15517,481.3779907,194.6375122,102.0583878,0.85150218,15718,0.650117338,Cammeo
14493,506.8410034,219.0030823,84.91929626,0.921762943,14804,0.541106641,Cammeo
15135,506.4349976,208.7226563,93.81930542,0.893284023,15656,0.574514151,Cammeo
11026,425.0100098,179.9587708,79.05262756,0.898349285,11185,0.55861789,Osmancik
10855,417.3169861,167.3380127,84.22980499,0.86408186,11135,0.604836464,Osmancik
11568,429.5480042,174.5865631,85.20391846,0.872825444,11800,0.60187304,Osmancik
12263,444.95401,180.2208557,87.54528809,0.874088526,12478,0.604505599,Osmancik
15581,517.3319702,221.9593811,90.30760956,0.91348809,15901,0.554089606,Cammeo
14399,484.0820007,200.1735382,92.85159302,0.885910869,14849,0.604796708,Cammeo
12135,432.8129883,180.8758545,86.05373383,0.879574418,12304,0.643050194,Osmancik
10611,414.4020081,171.1427307,79.86785889,0.884429395,10874,0.713920474,Osmancik
10509,405.0570068,166.5041046,81.1501236,0.873192132,10722,0.674432039,Osmancik
12859,462.8720093,193.3418427,85.90898895,0.89585954,13279,0.708914518,Cammeo
15613,509.7609863,210.2780762,96.02433014,0.889644384,15975,0.572596908,Cammeo
10531,415.1059875,171.4884491,78.90145111,0.887868285,10796,0.601256073,Osmancik
13650,475.2420044,199.3260803,87.97470856,0.897329748,13859,0.57213515,Cammeo
10657,412.8389893,171.1241608,80.39784241,0.882761359,10879,0.724818051,Osmancik
10782,412.8800049,165.5458679,84.34690094,0.860466063,11112,0.694716513,Osmancik
10629,416.8900146,172.190918,79.67411804,0.88651073,10819,0.694932997,Osmancik
14753,495.2600098,203.7247009,93.18321991,0.889262199,15153,0.634646833,Osmancik
14723,491.0549927,204.1756744,93.06549072,0.890076637,15021,0.575679362,Cammeo
12249,456.2489929,188.5509186,84.3818512,0.894269824,12578,0.653419375,Osmancik
13636,481.256012,203.9285736,86.18013763,0.906316519,13888,0.549705744,Cammeo
14623,499.3129883,208.2283783,91.47314453,0.8983441,15085,0.583566129,Cammeo
10570,419.9530029,181.806366,74.52000427,0.912136495,10781,0.585920155,Osmancik
13852,490.2789917,213.9856873,82.96648407,0.921777308,14158,0.728324294,Cammeo
16654,519.0360107,217.2497101,98.99957275,0.890136063,16976,0.7633847,Cammeo
10380,399.053009,161.8736725,82.76502228,0.859405935,10606,0.685963511,Osmancik
10657,407.7650146,168.7373352,80.82007599,0.877831459,10826,0.60952872,Osmancik
11046,423.4979858,183.4550018,76.97341919,0.90771997,11198,0.822793305,Osmancik
15856,509.019989,210.1643829,97.76021576,0.88522625,16160,0.762674391,Cammeo
16799,524.2470093,218.3425598,99.16317749,0.890918493,17283,0.623709798,Cammeo
12164,435.0859985,177.5858002,88.19933319,0.867946565,12354,0.710223615,Osmancik
14467,498.6239929,213.5956268,86.99999237,0.913289249,14857,0.740757823,Cammeo
13954,481.2879944,204.7774506,87.50462341,0.904102445,14277,0.581126094,Cammeo
12583,451.8190002,180.2173309,90.56421661,0.864561021,12901,0.607845008,Osmancik
14843,510.1019897,220.0358582,86.50135803,0.919485509,15155,0.533153713,Cammeo
11869,434.2520142,177.8726501,86.16555023,0.874834061,12144,0.621511221,Osmancik
10563,408.9729919,167.4709625,81.02894592,0.875157177,10782,0.617358267,Osmancik
11773,433.9809875,174.7171631,87.27269745,0.866309047,12005,0.609463155,Osmancik
12067,440.0010071,187.7613525,82.31121063,0.898788691,12200,0.617237866,Osmancik
14440,498.118988,210.2735291,88.98815155,0.906035423,14918,0.776302338,Cammeo
14556,487.4190063,208.7312622,89.19512177,0.904100299,14819,0.776485622,Cammeo
14934,488.2709961,201.0799561,95.97958374,0.878729284,15193,0.650378883,Cammeo
9876,384.4599915,156.1647644,81.23886871,0.854036808,9999,0.632347286,Osmancik
12267,429.6940002,171.370636,92.45801544,0.841972291,12520,0.775901318,Osmancik
11973,438.1480103,178.0887756,87.27424622,0.871688485,12367,0.627121329,Osmancik
10962,415.0,170.0981445,82.88566589,0.873245001,11152,0.620373487,Osmancik
11592,436.3999939,178.1359406,83.72199249,0.882672071,11844,0.7235955,Osmancik
16094,509.9790039,215.5475922,95.61666107,0.896225452,16403,0.758792996,Cammeo
15551,508.4070129,217.0155029,92.15181732,0.905365825,15786,0.807424724,Cammeo
13902,479.2319946,201.1148834,89.12859344,0.896436334,14202,0.698698282,Cammeo
10787,401.2550049,160.0178833,86.63780212,0.840748608,11010,0.658346057,Osmancik
13272,474.927002,195.7785492,87.1651535,0.895419657,13597,0.586063743,Cammeo
13855,487.8309937,207.1084442,86.02370453,0.909659028,14214,0.551552534,Cammeo
10386,411.1390076,171.5273285,77.87589264,0.89099431,10636,0.59196353,Osmancik
14244,488.0660095,199.8998871,92.31539917,0.886979818,14691,0.616329908,Cammeo
11363,416.0499878,168.4384766,86.90823364,0.856610119,11594,0.630262375,Osmancik
12042,433.769989,178.7764435,86.52510071,0.875076354,12257,0.786441982,Osmancik
15292,510.4830017,219.6590271,89.13313293,0.913971007,15511,0.543194115,Cammeo
10843,412.3670044,168.2745056,83.94273376,0.866691768,11082,0.787436485,Osmancik
11511,438.9729919,182.5943756,81.35918427,0.895245492,11806,0.656908035,Osmancik
11670,434.0859985,172.9773407,87.95358276,0.861080408,12102,0.666476309,Osmancik
10578,414.6199951,167.7519226,81.58570099,0.873765588,10899,0.603973985,Osmancik
12501,451.7990112,192.7388,83.19506073,0.902042747,12687,0.718820095,Osmancik
10044,410.1910095,168.5531006,77.07965851,0.889311492,10317,0.757466078,Osmancik
13790,479.2999878,198.9013214,90.1360321,0.891424298,14190,0.5869084,Cammeo
11322,435.2009888,180.4284973,82.20979309,0.890165985,11650,0.659405947,Osmancik
12917,473.2349854,200.3253326,83.2011795,0.909670651,13302,0.666099429,Cammeo
13253,473.4419861,198.6106567,85.91886902,0.901586175,13535,0.689972937,Cammeo
11176,427.3330078,176.6558533,82.13243103,0.885347962,11438,0.580873191,Osmancik
15375,515.4229736,215.9992981,91.61693573,0.905590177,15780,0.597597957,Cammeo
13533,469.5320129,192.3960419,91.23041534,0.880427718,13954,0.621606708,Cammeo
13022,467.0769958,194.7540894,86.67639923,0.895502925,13355,0.596245408,Cammeo
16258,518.7700195,214.2864685,97.37900543,0.890780509,16551,0.707577169,Cammeo
11681,431.2279968,183.7963867,81.16801453,0.897202611,11857,0.591143727,Osmancik
10250,407.2890015,165.7218933,79.9631424,0.875888228,10512,0.72233969,Osmancik
11487,428.0889893,173.9547729,85.48769379,0.870913506,11695,0.648616612,Osmancik
13858,482.5799866,205.0201569,86.9646759,0.905579686,14154,0.555921078,Cammeo
15161,498.7909851,208.2520447,93.86026001,0.892672896,15541,0.640569568,Cammeo
13533,473.9320068,196.1175537,88.91679382,0.891314685,13897,0.60455662,Cammeo
13422,474.9549866,196.4542542,88.85059357,0.891880512,13817,0.559809804,Cammeo
11226,416.0820007,166.272644,87.09693909,0.851828992,11515,0.635457933,Osmancik
13735,484.7709961,204.8106384,86.7587204,0.905847192,13960,0.553696692,Cammeo
12895,449.5130005,186.6615143,88.58874512,0.880203903,13072,0.584754229,Osmancik
11618,434.177002,179.415451,83.34638214,0.885550022,11820,0.616764903,Osmancik
13689,483.6549988,202.7220001,86.94031525,0.903368711,14183,0.776460588,Cammeo
13130,467.9219971,196.1468048,86.20711517,0.898241103,13462,0.574818313,Cammeo
11749,455.2569885,192.5899963,78.04095459,0.914220035,12001,0.606650472,Osmancik
11513,438.625,189.7222137,77.68550873,0.912323713,11736,0.684238672,Cammeo
13347,461.8720093,193.527359,88.68710327,0.888814807,13536,0.777027428,Osmancik
14712,503.7109985,217.609726,87.28523254,0.916030288,15109,0.803144455,Cammeo
8546,388.5809937,172.5199585,63.34475327,0.930152476,8685,0.735456109,Osmancik
14096,476.95401,198.7421875,91.36670685,0.888061464,14346,0.599319756,Cammeo
14115,486.2720032,207.5510406,87.78108978,0.906158924,14422,0.600817263,Cammeo
11690,432.5190125,183.0266266,82.307724,0.893177867,11846,0.57891351,Osmancik
14413,502.0499878,211.9916382,88.64776611,0.908370495,14826,0.57608217,Cammeo
13451,485.5589905,205.9496613,84.3160553,0.91235441,13862,0.59995538,Cammeo
12913,449.0239868,178.1638031,93.14697266,0.852445245,13198,0.625629842,Osmancik
11242,418.6459961,172.5299072,83.84862518,0.873961747,11409,0.648888886,Osmancik
11972,433.0920105,177.8142395,86.38817596,0.874051213,12249,0.71440506,Osmancik
11201,416.5350037,171.0029907,84.2417984,0.870236874,11384,0.757643402,Osmancik
10900,417.5969849,172.6920624,81.00117493,0.883171737,11091,0.585392058,Osmancik
14274,488.8299866,203.5678558,89.92999268,0.897128761,14529,0.572356522,Cammeo
14444,491.1440125,203.5071869,91.60269928,0.892967999,14773,0.577944934,Cammeo
10842,434.2730103,179.4348755,79.00735474,0.897844732,11251,0.545784056,Osmancik
11470,428.5360107,177.7107849,82.36468506,0.886109471,11663,0.651556492,Osmancik
14368,491.5629883,211.2970734,87.20801544,0.910854757,14596,0.62442416,Cammeo
9963,410.0840149,171.168457,75.23148346,0.898234189,10251,0.719298244,Osmancik
10191,403.2189941,168.609024,77.52805328,0.888017476,10352,0.797293067,Osmancik
15118,514.96698,224.1865997,87.69223785,0.920323789,15454,0.654119074,Cammeo
12403,451.243988,194.0061951,82.41925049,0.905274093,12596,0.830687821,Cammeo
8499,370.4460144,156.0722809,70.63035583,0.891739547,8648,0.761559129,Osmancik
11696,443.5280151,186.5877228,80.95197296,0.900982797,11952,0.739130437,Osmancik
13099,453.3659973,180.9826355,93.60396576,0.855865419,13377,0.627316713,Osmancik
13792,475.7820129,196.7065887,90.34710693,0.888281822,14183,0.773267567,Cammeo
13665,482.0769958,208.964035,84.61726379,0.914344609,13998,0.60121429,Cammeo
9802,396.8160095,166.890213,75.11701202,0.892978966,9948,0.571178854,Osmancik
11815,430.1069946,177.7969208,85.67855072,0.87623173,11993,0.706174195,Osmancik
12053,449.6040039,189.5009918,82.26611328,0.900855184,12295,0.564464033,Osmancik
11994,444.7609863,183.4491272,84.42697144,0.887804866,12262,0.724187911,Osmancik
13273,463.3330078,197.4527893,85.99746704,0.900172114,13462,0.585823357,Cammeo
11410,436.368988,180.802597,81.64021301,0.892249167,11710,0.617825449,Osmancik
14675,493.9289856,199.2336273,95.68336487,0.877127767,15317,0.6168558,Cammeo
12406,441.8779907,177.8626862,90.56725311,0.860649645,12864,0.623856008,Osmancik
11686,441.1839905,180.6960907,83.45304108,0.886962235,12023,0.577086449,Osmancik
11674,425.071991,175.7572327,85.50615692,0.873679757,11865,0.644047201,Osmancik
10647,411.1329956,170.0608368,80.8193512,0.879857361,10829,0.806590915,Osmancik
12567,453.7720032,192.2237701,83.54117584,0.900621772,12778,0.575359404,Osmancik
11451,426.2470093,176.1217957,84.35531616,0.877836645,11666,0.608480811,Osmancik
10877,424.5750122,175.6068878,80.03326416,0.890106559,11152,0.6159814,Osmancik
11291,432.6459961,177.0127258,82.56719208,0.884548724,11586,0.652658939,Osmancik
10386,405.9679871,165.6750488,81.03001404,0.872233272,10684,0.636241138,Osmancik
14232,505.8850098,214.1028748,86.41410828,0.914931059,14702,0.52602011,Cammeo
14274,499.0880127,214.4025269,85.24676514,0.917558193,14559,0.656728804,Cammeo
13372,470.4030151,196.0814667,88.71108246,0.891805232,13745,0.583624303,Cammeo
10662,408.2829895,162.6809845,84.36328888,0.85502845,10934,0.653148711,Osmancik
11549,432.6229858,170.7567902,88.04955292,0.856803536,11910,0.622252166,Osmancik
11502,428.5390015,174.3046722,85.41966248,0.871688962,11760,0.591423273,Osmancik
14945,493.1080017,202.0469818,95.07941437,0.882356942,15357,0.739998043,Cammeo
13183,462.7319946,190.4266968,89.31358337,0.883188546,13493,0.688119829,Osmancik
12569,454.1040039,192.0917206,83.93650818,0.899480641,12811,0.566783905,Osmancik
10249,404.0889893,165.6824493,80.38426208,0.874419451,10486,0.671449184,Osmancik
11465,410.5150146,160.7063293,92.14432526,0.819295943,11706,0.757565737,Osmancik
11199,421.0429993,170.6911163,85.02394104,0.867110491,11405,0.803371608,Osmancik
12124,431.7520142,173.8032684,89.89888,0.855837345,12389,0.770120025,Osmancik
9741,430.5599976,180.0662842,71.17449188,0.91856575,10204,0.764599681,Osmancik
15080,512.9459839,211.9261169,92.14079285,0.900537729,15533,0.566768169,Cammeo
11902,454.9419861,196.4692993,78.05166626,0.917701066,12214,0.700777173,Osmancik
10612,413.8559875,169.8791656,80.89677429,0.879335999,10924,0.671985805,Osmancik
11077,427.6640015,181.1168671,78.34978485,0.901589572,11275,0.555238068,Osmancik
15560,502.9660034,213.9631805,93.12080383,0.900324702,15789,0.783681691,Cammeo
15306,524.6849976,227.7818604,87.04252625,0.924108148,15837,0.512506306,Cammeo
13787,474.3380127,194.6946259,91.07733154,0.883836567,14075,0.616178751,Cammeo
14350,472.0209961,189.9021759,97.03052521,0.859610438,14577,0.651798666,Osmancik
13077,472.9049988,203.4450684,82.57012939,0.913935423,13405,0.627374768,Cammeo
12303,439.3410034,184.3000183,85.29237366,0.886467457,12468,0.597465038,Osmancik
14263,490.7510071,203.7784424,90.2658844,0.89654094,14779,0.731548429,Cammeo
11001,415.0390015,173.1041565,82.06340027,0.880487442,11132,0.789620996,Osmancik
13760,474.1879883,198.3915558,89.04605103,0.893612206,13989,0.633750916,Cammeo
12289,444.5549927,186.3528595,84.85929871,0.890302837,12448,0.767678678,Osmancik
12459,434.2879944,175.2012482,91.26869965,0.853595555,12651,0.636832952,Osmancik
10803,411.3099976,165.2231293,84.78220367,0.858306348,11098,0.643073976,Osmancik
12638,450.4030151,185.5312195,87.92227936,0.880581498,12864,0.632152855,Osmancik
12556,437.9140015,180.2112122,89.38488007,0.868322134,12735,0.718594432,Osmancik
11867,431.9429932,178.5909119,85.77666473,0.877105951,12126,0.640351832,Osmancik
14362,479.9309998,202.702652,90.70674896,0.894290566,14606,0.591466904,Cammeo
12525,455.1809998,183.669342,88.2543335,0.876991093,12911,0.709470928,Osmancik
14518,491.2219849,203.7610626,92.34289551,0.891412914,14877,0.741319418,Cammeo
15586,505.8770142,218.5732117,91.24372101,0.908699214,15814,0.823784351,Cammeo
11221,418.5610046,168.1425018,85.76485443,0.860131443,11455,0.767720282,Osmancik
15543,507.3850098,211.6512146,94.57139587,0.894620597,15976,0.652930081,Cammeo
12892,473.5270081,199.9391937,83.23552704,0.909225404,13193,0.564547181,Cammeo
14533,487.20401,196.8149872,95.84307861,0.87341845,14873,0.651120067,Cammeo
14085,489.4549866,200.5265503,91.23562622,0.890501499,14670,0.627170742,Cammeo
14850,498.4429932,213.7612762,88.98867035,0.90922761,15071,0.696496427,Cammeo
14463,480.4899902,201.9342194,91.94389343,0.890329897,14698,0.675115526,Cammeo
12535,442.9379883,185.8367004,86.91271973,0.883896112,12669,0.601718485,Osmancik
14586,484.053009,196.4033966,95.85621643,0.872811317,14976,0.771541893,Cammeo
9050,379.8989868,152.8709259,77.10934448,0.863465369,9387,0.674869478,Osmancik
10272,403.04599,171.383667,76.66117859,0.894380271,10419,0.759201765,Osmancik
10390,420.7940063,174.045639,77.64330292,0.894978702,10689,0.728815913,Osmancik
13924,498.5620117,212.0615692,84.91075134,0.916337788,14444,0.547499239,Cammeo
15149,509.1369934,214.0074615,91.28372955,0.90446651,15516,0.707104206,Cammeo
10697,407.8070068,168.2178345,81.61740112,0.874409437,10824,0.600280583,Osmancik
13467,473.3009949,203.0819244,84.99755859,0.908199191,13753,0.773965538,Cammeo
15105,503.2919922,215.5826721,89.79667664,0.909121931,15327,0.60047704,Cammeo
13933,471.7139893,193.5167236,91.87624359,0.880109072,14177,0.744642198,Cammeo
10598,411.4790039,162.2022858,85.22140503,0.850854099,10936,0.593526006,Osmancik
11097,422.3680115,172.1637115,83.62702942,0.874102652,11393,0.612417221,Osmancik
11323,420.0580139,169.9767761,86.36136627,0.861311376,11586,0.719194591,Osmancik
11883,440.5419922,187.2053528,82.01986694,0.898912728,12057,0.562109768,Osmancik
11955,454.0859985,196.8355255,78.12479401,0.91786015,12127,0.558123231,Osmancik
13125,475.355011,198.5984497,85.40795898,0.902803421,13575,0.583177805,Cammeo
13683,490.7929993,210.2819672,84.04502106,0.916655719,14187,0.773925364,Cammeo
13328,489.3859863,217.285614,78.70890808,0.932085991,13530,0.757444859,Cammeo
12225,436.4840088,172.7252197,91.47328186,0.848254681,12537,0.646107495,Osmancik
10698,416.7980042,171.6469727,81.13961792,0.881216884,10909,0.587802172,Osmancik
17079,520.4500122,216.1599884,101.7624969,0.882253826,17418,0.794372082,Cammeo
10792,416.6289978,171.3818054,81.65258026,0.879208803,11037,0.593684673,Osmancik
10940,421.1740112,179.4857635,78.21934509,0.900045037,11097,0.801465213,Osmancik
12091,442.0,181.2117767,86.29921722,0.879318535,12400,0.635031521,Osmancik
11981,448.8269958,190.1289978,81.32439423,0.903905272,12154,0.562092423,Cammeo
13753,461.1300049,185.5310364,95.42746735,0.857581735,13962,0.651183724,Osmancik
10925,415.1749878,170.6875916,82.24396515,0.876259685,11155,0.606338084,Osmancik
13062,469.4240112,200.62883,83.27462006,0.909790337,13279,0.663214028,Cammeo
15077,504.6369934,212.9424591,91.21266937,0.903615654,15404,0.786489308,Cammeo
11816,446.1000061,187.143158,81.82019043,0.899361193,12069,0.746713877,Osmancik
13724,468.571991,191.8715973,92.48851013,0.876152873,14048,0.740716755,Cammeo
12861,471.92099,193.2509155,86.45822144,0.89433974,13330,0.633421957,Cammeo
10589,439.7080078,191.7048798,71.42118073,0.928008914,10817,0.510953486,Osmancik
14873,499.6159973,210.2774963,91.58361816,0.900170863,15195,0.573030233,Cammeo
12203,442.6019897,184.2364349,85.57202148,0.885589659,12418,0.799044013,Osmancik
14709,515.8499756,222.7228394,85.4315567,0.923508525,14941,0.524796605,Cammeo
9216,384.3420105,163.291626,72.26079559,0.896755636,9352,0.624771178,Osmancik
14652,485.5469971,201.5536041,93.44861603,0.886022866,14883,0.593150377,Cammeo
9592,385.7780151,157.7679596,78.39109039,0.867821634,9760,0.788426757,Osmancik
14186,484.0599976,201.1923065,91.2587738,0.891210616,14560,0.766520798,Osmancik
12519,455.4060059,192.002182,83.87214661,0.899544477,12770,0.670684695,Cammeo
13167,466.6640015,197.125061,86.21640778,0.899282098,13448,0.58099103,Cammeo
11895,429.3959961,179.2518616,85.53614044,0.878803372,12072,0.790628135,Osmancik
14621,501.8250122,210.9164886,89.62992859,0.905214667,15175,0.689084768,Cammeo
11584,434.7390137,180.8474274,82.18374634,0.890778959,11863,0.681732595,Osmancik
15762,507.6409912,205.6005554,99.32084656,0.875578046,16261,0.663635194,Cammeo
12664,442.8510132,178.6540527,91.11915588,0.860155821,12895,0.679107666,Osmancik
14229,485.118988,206.5976868,88.72132874,0.903095365,14455,0.745168865,Cammeo
13426,460.2269897,187.6688995,91.77645111,0.872264802,13666,0.6526981,Osmancik
14332,497.1409912,206.546814,90.75944519,0.898284912,14830,0.566571772,Cammeo
9972,397.6380005,165.3995819,77.70961761,0.882757127,10230,0.795215309,Osmancik
13467,478.2470093,204.7185059,85.14571381,0.909403026,13732,0.547773004,Cammeo
12013,443.4779968,189.286911,81.28727722,0.903095603,12160,0.567775786,Osmancik
11003,417.0589905,168.2343292,85.0189743,0.862908363,11270,0.611277759,Osmancik
10871,414.6740112,165.7461395,85.62849426,0.856212139,11224,0.76610291,Osmancik
11278,430.2630005,174.4451752,83.79233551,0.877084434,11637,0.736546516,Osmancik
12008,433.2340088,184.1274109,83.70603943,0.890690923,12129,0.644033253,Osmancik
10035,398.0969849,162.6618652,79.64611816,0.871923447,10236,0.598069012,Osmancik
11923,437.9389954,184.9996643,83.11607361,0.893392563,12093,0.762340128,Osmancik
12649,459.9450073,190.4369659,85.74949646,0.892888606,12886,0.698184013,Osmancik
12661,436.9219971,174.8322906,93.07769775,0.846503794,12898,0.701984942,Osmancik
14950,496.8840027,207.8227997,93.10913849,0.894022644,15422,0.579322636,Cammeo
11691,426.2799988,176.1899567,85.12367249,0.875545442,11908,0.61824429,Osmancik
11969,442.1589966,177.6001129,87.86295319,0.869050443,12352,0.592730165,Osmancik
13684,505.6549988,213.5936279,83.5105896,0.920399666,14158,0.577627718,Cammeo
11303,422.2000122,168.0558929,87.12608337,0.855116963,11569,0.764232576,Osmancik
9772,394.9830017,155.2926483,82.31694031,0.847949982,10154,0.691284657,Osmancik
14390,497.9190063,216.3755951,85.1957016,0.919221938,14586,0.537903726,Cammeo
12364,442.855011,175.3573914,91.6060257,0.852702916,12679,0.617891073,Osmancik
12659,453.7680054,188.0402985,86.70749664,0.887342334,12887,0.664340079,Osmancik
13049,469.5379944,196.4661713,85.99484253,0.899117112,13409,0.72700429,Osmancik
12095,444.0339966,186.0676727,83.80880737,0.892816246,12290,0.699942112,Osmancik
14061,470.7489929,190.2900085,95.00540161,0.866448581,14347,0.618011594,Cammeo
12386,467.8500061,201.9013062,79.30883026,0.919619679,12679,0.791842461,Cammeo
11743,432.5469971,175.7979279,86.18153381,0.87159276,12077,0.733204305,Osmancik
10737,414.4719849,170.4575806,81.17028809,0.879342139,10986,0.611794889,Osmancik
10587,399.6350098,166.3654327,81.32897186,0.872363687,10723,0.637348771,Osmancik
14560,501.2460022,212.1060944,89.32131195,0.907006681,14988,0.689557195,Cammeo
14265,480.927002,200.188446,91.48053741,0.889481008,14627,0.754562259,Cammeo
10669,403.6749878,164.5473785,83.43628693,0.861907542,10885,0.713836491,Osmancik
11858,437.1090088,185.8181763,82.01721954,0.897318184,12017,0.569056511,Osmancik
12172,452.32901,193.6925354,80.8077774,0.908816457,12430,0.678030312,Cammeo
11944,442.7890015,182.6370392,84.10048676,0.887670696,12128,0.584544599,Osmancik
13413,475.3900146,196.856781,87.78818512,0.895058095,13917,0.571008921,Cammeo
14013,480.8309937,191.8450775,94.87568665,0.869153023,14622,0.625915647,Cammeo
12292,447.4859924,181.3567047,87.98662567,0.874426603,12535,0.593873799,Osmancik
13387,458.9559937,180.4008179,95.7420578,0.847548127,13653,0.632955074,Osmancik
14337,501.7659912,219.3126678,83.44644165,0.92478472,14631,0.743157804,Cammeo
12831,446.631012,181.8717804,90.23387146,0.868242502,13061,0.669956148,Osmancik
12699,458.0130005,192.5944977,85.20385742,0.896817684,12965,0.590651155,Cammeo
12482,448.5390015,185.0900421,87.2516098,0.881919026,12744,0.592687547,Osmancik
11511,439.5130005,183.2423401,81.7984848,0.894835949,11736,0.573171318,Osmancik
11271,404.4639893,158.9888306,91.3405838,0.818497956,11462,0.670095146,Osmancik
15811,514.3779907,218.731369,93.16437531,0.904755831,16135,0.818671346,Cammeo
14019,475.7550049,194.5179291,92.81695557,0.87881428,14308,0.591119945,Cammeo
14771,471.9100037,193.905426,98.03417206,0.862781346,14976,0.614817917,Osmancik
16678,523.3099976,216.8973694,99.04489899,0.889649451,17089,0.803449273,Cammeo
11759,426.1380005,173.6890717,87.18202209,0.864900708,11941,0.693664491,Osmancik
10622,408.0280151,166.3291016,81.88404846,0.870424807,10808,0.620806575,Osmancik
13820,489.9419861,207.0041046,86.23710632,0.909091711,14195,0.639400363,Cammeo
16079,522.7589722,223.4059143,92.64324951,0.909964681,16392,0.64172256,Cammeo
10965,416.973999,174.3517456,80.79745483,0.886140645,11224,0.701086938,Osmancik
10036,402.8590088,166.1565857,77.91069031,0.883251667,10255,0.591570854,Osmancik
17082,548.4459839,230.1887207,95.75758362,0.909366429,17576,0.592466712,Cammeo
11549,425.2200012,174.2269745,85.78465271,0.870384336,11805,0.630128741,Osmancik
11337,417.2709961,174.4631958,83.50515747,0.878010929,11477,0.818083405,Osmancik
12720,472.2340088,201.6408539,82.22841644,0.913072884,13352,0.745079637,Cammeo
8965,383.4819946,156.289444,74.67707825,0.878461719,9317,0.620286465,Osmancik
14625,492.9519958,206.5892181,91.43078613,0.896732509,14972,0.739532769,Cammeo
11099,421.9159851,168.9326324,86.08985138,0.860405207,11415,0.598006487,Osmancik
11681,422.0490112,174.0857544,85.9203186,0.869716465,11832,0.609019816,Osmancik
14880,502.881012,217.9986572,87.55461121,0.915802419,15129,0.576699495,Cammeo
11975,434.9110107,176.5402832,87.28521729,0.869222581,12216,0.760317445,Osmancik
14003,489.2900085,208.332901,87.1922226,0.908205926,14421,0.579114974,Cammeo
12960,460.8670044,191.5177002,86.79779053,0.891403615,13211,0.588235319,Osmancik
13734,487.8399963,213.2474365,83.18276978,0.920782506,13941,0.805229843,Cammeo
14547,491.0440063,206.657074,90.17514038,0.89977622,14780,0.593222439,Cammeo
10213,430.0440063,187.3143921,69.94136047,0.927674353,10392,0.563444793,Osmancik
9360,399.3919983,171.0101776,70.23106384,0.911777914,9533,0.692307711,Osmancik
8813,387.7210083,164.1777039,68.98608398,0.907435417,9005,0.73736614,Osmancik
9117,393.8380127,167.6113739,69.95188904,0.908747792,9333,0.540266693,Osmancik
13391,486.1220093,213.1120758,80.99443817,0.924963653,13661,0.520240843,Cammeo
12801,459.4240112,195.0993347,84.79960632,0.900600255,13058,0.761601627,Cammeo
14626,502.3569946,212.7346954,88.58338928,0.909180105,14997,0.581504464,Cammeo
12906,461.2030029,191.5436707,86.72735596,0.891621709,13272,0.73832953,Osmancik
11174,430.3049927,175.4827728,83.01683807,0.881021142,11604,0.6736601,Osmancik
10499,403.2780151,162.4573364,83.75511932,0.856858611,10749,0.744926929,Osmancik
13241,466.9899902,193.54422,88.05834961,0.890502691,13577,0.57765466,Cammeo
13269,458.493988,183.4043579,93.3401413,0.860807359,13619,0.610742867,Osmancik
12308,451.6090088,193.2675323,81.65988922,0.906352401,12488,0.724042594,Cammeo
11603,427.5249939,175.9404144,84.68665314,0.876535535,11807,0.803420603,Osmancik
12555,444.5799866,184.8253326,87.36722565,0.881222546,12773,0.652207792,Cammeo
14700,506.4639893,215.4302979,87.76007843,0.913262725,15050,0.707547188,Cammeo
9723,388.6170044,158.3608246,79.3425827,0.865433335,9949,0.625192881,Osmancik
14403,491.0599976,207.6805725,89.8433609,0.901584208,14708,0.59689182,Cammeo
12213,452.4039917,192.3418274,81.44419861,0.905926645,12406,0.642620385,Osmancik
10974,413.5,170.5678253,83.24488068,0.872818112,11142,0.764099717,Osmancik
11958,444.927002,187.7583618,81.88331604,0.899893343,12240,0.72666502,Cammeo
10380,399.177002,164.5905762,80.95957947,0.870660365,10630,0.706410766,Osmancik
12763,454.9020081,185.2253723,89.68470001,0.874961615,13081,0.62270689,Osmancik
13942,502.0310059,214.3379822,83.71970367,0.92056191,14273,0.644508123,Cammeo
11321,424.5759888,173.9976349,84.73989105,0.873392224,11631,0.621896267,Osmancik
12538,452.6600037,188.8052826,86.10971832,0.889940381,12846,0.684164584,Osmancik
14988,499.355011,212.2619781,90.98807526,0.903466225,15245,0.588688135,Cammeo
12756,442.9750061,177.9863434,92.22924805,0.855270624,13028,0.703740478,Osmancik
12081,431.5209961,173.5222931,89.55706787,0.856520653,12315,0.780426383,Osmancik
11630,425.5169983,173.0964203,87.19287109,0.863864481,11766,0.781691074,Osmancik
12256,470.1080017,207.9800568,75.71490479,0.931379855,12541,0.738313258,Cammeo
11835,418.7130127,168.2098236,90.15866089,0.844224811,12025,0.665485859,Osmancik
15200,502.5880127,214.1338043,91.11753082,0.9049505,15461,0.624127448,Cammeo
11339,423.9700012,171.7066193,85.35773468,0.867685318,11531,0.67918539,Osmancik
11848,432.368988,178.3507996,86.11730957,0.875701129,12045,0.600293875,Osmancik
12491,457.1409912,194.8754578,82.49108887,0.905988812,12721,0.770478666,Cammeo
12981,449.6170044,177.6229553,94.24237061,0.847637713,13389,0.651460409,Osmancik
11866,436.1289978,176.1208649,87.78805542,0.866916478,12210,0.616223514,Osmancik
10723,431.1640015,182.325119,76.51873016,0.907670796,11059,0.781275034,Osmancik
12737,445.1539917,178.9357452,91.93397522,0.857920706,12942,0.618541181,Osmancik
11590,435.8460083,176.9395294,84.80960083,0.877643466,11880,0.72365135,Osmancik
10921,425.0119934,175.6383209,80.60688019,0.888468921,11271,0.770440936,Osmancik
15073,498.3619995,205.8031006,93.99627686,0.889605761,15476,0.613921463,Cammeo
15035,486.6530151,198.2198334,97.85749817,0.869642675,15279,0.623755395,Cammeo
11838,440.256012,181.3232727,83.83839417,0.886687219,12165,0.601524413,Cammeo
11758,436.3829956,177.3486023,85.96657562,0.874662638,12190,0.763556063,Osmancik
14985,516.9609985,219.5333862,88.00939178,0.91612488,15412,0.622973323,Cammeo
13023,480.447998,205.312088,82.03385162,0.91670841,13444,0.632430077,Cammeo
16000,515.3809814,215.714325,94.95480347,0.897905767,16289,0.673655868,Cammeo
11354,426.8729858,172.3962555,85.40240479,0.868673921,11703,0.729222894,Osmancik
12651,467.5650024,200.0503693,81.17269897,0.913979053,12991,0.594111025,Cammeo
13518,451.1629944,185.5575867,93.29590607,0.86441046,13741,0.781839192,Osmancik
15437,512.947998,211.4087677,94.91480255,0.893550158,15984,0.731611371,Cammeo
11166,419.4330139,171.464386,84.32466125,0.870713174,11437,0.60435158,Osmancik
12071,438.7000122,178.7846069,87.50312042,0.872040808,12437,0.645369947,Osmancik
15550,505.7630005,211.37883,94.41613007,0.894699872,15896,0.718842447,Cammeo
10965,433.7780151,179.3352203,78.85895538,0.898130357,11295,0.663339376,Osmancik
10119,403.5429993,168.5759888,77.24084473,0.888851166,10317,0.772206962,Osmancik
10246,419.9500122,178.9237061,74.24162292,0.909851253,10525,0.777862132,Osmancik
13693,479.4790039,200.3972931,88.17446136,0.897998631,14097,0.695252597,Cammeo
14531,492.9580078,207.6246033,90.52266693,0.899950564,14913,0.571254492,Cammeo
11161,433.8299866,182.0749054,78.95067596,0.901097536,11490,0.611226737,Cammeo
15178,514.7420044,219.332962,89.0112381,0.913949907,15638,0.787567437,Cammeo
12653,461.6199951,195.8938599,83.4992981,0.904606521,12973,0.576498985,Cammeo
14423,507.0820007,221.5334778,83.90892029,0.92549324,14703,0.542218029,Cammeo
13930,484.8619995,205.2724609,87.23548889,0.905205488,14330,0.799426138,Cammeo
12580,479.2170105,208.4237518,77.74034119,0.92783463,12879,0.5730685,Cammeo
14680,495.4440002,206.7537537,91.29646301,0.897226334,15091,0.611590207,Cammeo
11667,447.5249939,186.6712494,80.84287262,0.901357353,12039,0.667295814,Cammeo
10841,419.1000061,166.8651733,84.30315399,0.862992227,11258,0.69475776,Osmancik
13576,477.8250122,190.0263519,91.82109833,0.875508964,14137,0.683275461,Osmancik
11299,429.4389954,174.4416199,84.42338562,0.875088155,11663,0.613376021,Osmancik
14750,482.8250122,198.5033569,95.47468567,0.876735628,15046,0.605500817,Cammeo
11030,417.4880066,172.4484406,82.73074341,0.877409637,11275,0.651429236,Osmancik
10993,428.70401,179.5782318,78.64100647,0.899013638,11169,0.568760335,Osmancik
12076,443.9920044,181.7114868,85.55834961,0.882214785,12329,0.647888839,Osmancik
13429,491.3770142,208.908783,83.84211731,0.91593194,13837,0.533066034,Cammeo
11206,427.1390076,171.6759186,84.98906708,0.868861496,11588,0.608757079,Osmancik
11422,429.2049866,178.5589752,82.38754272,0.887190938,11668,0.685594261,Osmancik
13959,477.2630005,200.4944,89.45983887,0.894935191,14242,0.715736032,Cammeo
12863,448.5079956,182.861908,90.77281189,0.868093371,13133,0.736206532,Osmancik
15032,500.6090088,209.9165344,91.92539215,0.899016857,15397,0.71892488,Cammeo
13574,473.2210083,197.8727722,88.44189453,0.894552231,13879,0.641250968,Cammeo
12181,456.9379883,194.8551636,80.28486633,0.911173344,12489,0.584893882,Cammeo
12734,466.3059998,198.7256775,82.28808594,0.910241067,13021,0.634953856,Osmancik
12735,473.0509949,200.6844482,81.73117828,0.913311303,13140,0.537613988,Cammeo
12613,459.9129944,193.3721466,84.31452942,0.899935961,12937,0.627887309,Osmancik
12844,454.8370056,191.9801788,85.41941833,0.89556098,13043,0.617886186,Cammeo
13929,487.9819946,202.9543915,87.97098541,0.901176631,14266,0.655328155,Cammeo
12483,437.4020081,173.4919739,92.70433807,0.845267296,12767,0.77534163,Osmancik
12261,443.2810059,183.6369324,86.09529877,0.883286119,12507,0.717017531,Osmancik
15231,525.5789795,229.7498779,85.09378815,0.928882003,15617,0.572895527,Cammeo
14316,488.9859924,204.4242706,90.14910126,0.897511899,14731,0.564177334,Cammeo
10849,410.493988,167.9847107,82.65473175,0.870574176,11025,0.609152138,Osmancik
11584,431.3580017,170.829422,87.8700943,0.857566357,11897,0.613559306,Osmancik
12256,453.4649963,189.9711304,83.10529327,0.89923656,12565,0.583619058,Cammeo
10440,405.6149902,165.2468414,82.02889252,0.868092656,10716,0.598417997,Osmancik
10989,431.1239929,180.4800415,78.81407928,0.899611354,11268,0.685955048,Osmancik
16734,531.507019,220.6954803,97.83933258,0.896362066,17242,0.657111466,Cammeo
12393,438.8909912,184.7748413,86.00998688,0.885055602,12582,0.706475914,Osmancik
14312,488.4190063,208.1702423,88.40865326,0.905336916,14692,0.793348134,Cammeo
11108,403.6180115,164.1064453,86.64311981,0.849263608,11256,0.796843588,Osmancik
13553,455.1900024,179.3602295,97.49701691,0.839356005,13877,0.721211135,Osmancik
12809,455.1440125,189.0794678,87.2080307,0.887283623,13025,0.590004623,Cammeo
11772,434.0859985,183.5883179,82.08576965,0.894474626,11937,0.650998175,Osmancik
12357,447.3909912,186.2878571,85.01430511,0.889795303,12602,0.763626277,Osmancik
10496,407.322998,167.9293671,80.18907166,0.878622711,10666,0.703296721,Osmancik
15172,504.1579895,213.2246704,91.66706085,0.902872503,15477,0.622441053,Cammeo
14471,503.6740112,207.9287262,90.16022491,0.901100039,14894,0.554954767,Cammeo
14106,485.5799866,199.9210663,91.59041595,0.88888371,14515,0.576225519,Cammeo
13620,479.8770142,203.39711,86.37573242,0.905350327,13987,0.635765314,Cammeo
13204,473.8160095,203.7746582,83.10990143,0.913048029,13430,0.593065023,Cammeo
11281,424.9710083,170.9759674,85.27378082,0.866747499,11543,0.689463377,Osmancik
12663,441.2879944,180.8767395,89.98505402,0.867467523,12833,0.716435671,Osmancik
12820,459.17099,193.7050934,84.83408356,0.898997009,13002,0.59616816,Cammeo
15140,502.553009,213.8956146,90.89737701,0.905211508,15491,0.758213162,Cammeo
12279,455.4150085,191.6533356,82.47570038,0.90266788,12549,0.592044353,Osmancik
14817,502.5830078,211.5290222,90.38519287,0.904112518,15113,0.568027616,Cammeo
11031,414.4400024,170.6846619,83.09671021,0.873489261,11200,0.605566561,Osmancik
15967,511.6149902,211.6907806,96.97522736,0.888901412,16329,0.586676955,Cammeo
12330,433.0690002,173.9345551,91.46205139,0.850582421,12550,0.684239745,Osmancik
14761,499.5109863,210.7987671,90.55553436,0.903027415,15197,0.658326626,Cammeo
13043,471.3569946,199.2896423,84.55069733,0.905540228,13422,0.736434996,Cammeo
14289,488.4849854,208.5738831,88.30962372,0.905944109,14572,0.79207319,Cammeo
14176,513.1489868,220.0369873,83.43087006,0.925328076,14675,0.543787658,Cammeo
11923,432.3340149,174.236618,88.13159943,0.862641633,12187,0.62450242,Osmancik
15546,518.9429932,219.226532,91.38640594,0.908971488,15967,0.553514183,Cammeo
15238,506.1149902,218.3603973,89.61968994,0.911896169,15529,0.547224045,Cammeo
10873,416.0409851,170.9129791,82.10005951,0.877070487,11085,0.645358503,Osmancik
10875,418.9819946,166.6903992,85.32958221,0.859042287,11334,0.76219511,Osmancik
13731,489.0580139,212.4354553,82.91467285,0.92068553,14014,0.591725945,Cammeo
11856,431.8630066,174.3524323,88.68266296,0.860979199,12188,0.615065396,Osmancik
12347,475.3900146,207.0969238,77.08044434,0.928154528,12857,0.52094847,Cammeo
12260,453.2380066,190.8468628,83.03070831,0.900399268,12586,0.788323045,Osmancik
14136,488.9679871,203.3906555,89.7869873,0.897285402,14475,0.592058957,Cammeo
11908,430.7030029,174.3730011,88.10850525,0.86295104,12162,0.688323677,Osmancik
14337,494.2990112,206.6927795,89.74820709,0.900811374,14859,0.709893048,Cammeo
12378,459.9760132,191.2494965,83.99846649,0.898384988,12800,0.565515339,Osmancik
14407,494.9899902,208.7490387,88.66285706,0.905318081,14716,0.573755503,Cammeo
8679,380.6010132,158.23526,70.78799438,0.894354403,8889,0.718044162,Osmancik
10492,405.9100037,162.7976532,83.49519348,0.858462036,10888,0.629129946,Osmancik
9577,403.17099,174.9822083,70.26763153,0.915828288,9769,0.627095342,Osmancik
14018,480.8680115,203.9783783,88.12711334,0.90185374,14287,0.722428381,Cammeo
14802,497.8320007,209.6179504,91.14713287,0.90051496,15208,0.62297982,Cammeo
17192,528.34198,222.9499359,99.09267426,0.895797908,17457,0.628914237,Cammeo
11234,425.9309998,176.3019867,82.10153198,0.884949505,11452,0.655578911,Osmancik
13982,479.7850037,204.5423889,88.27964783,0.902067065,14221,0.772913218,Cammeo
14321,490.4249878,204.2803802,90.68297577,0.896069288,14622,0.573872983,Cammeo
12529,437.8389893,174.8614502,92.18926239,0.849733055,12840,0.766018569,Osmancik
11051,424.9760132,180.8719025,78.26737976,0.901527107,11240,0.568057954,Osmancik
12975,463.8510132,196.4239655,85.06411743,0.901363254,13358,0.609126329,Cammeo
10398,405.6789856,162.2271576,82.39345551,0.8614223,10658,0.644717276,Osmancik
14541,492.7850037,204.2571411,92.47101593,0.891653419,14893,0.758291602,Cammeo
10870,409.4909973,169.2060699,82.09532166,0.874414563,11030,0.670242965,Osmancik
13913,493.6069946,212.9854736,83.99134827,0.91895926,14218,0.57212764,Cammeo
14720,494.8619995,207.0927124,91.49889374,0.897100866,15071,0.704003036,Cammeo
11136,427.1099854,175.6530762,81.91877747,0.884591401,11474,0.574375927,Osmancik
14115,483.7799988,206.8418732,88.06864929,0.904827833,14312,0.747656107,Cammeo
11264,429.5429993,177.6937256,81.98130035,0.887211502,11513,0.795480251,Osmancik
9936,398.276001,161.4819336,80.27461243,0.867686331,10216,0.671941578,Osmancik
13681,478.5379944,202.7610779,87.02304077,0.903214216,14015,0.641938806,Cammeo
14295,484.2269897,202.7705688,91.39711761,0.892654479,14528,0.551823974,Cammeo
16199,511.2279968,210.0016479,99.41775513,0.880839944,16637,0.738264501,Cammeo
10805,410.4450073,164.7044373,84.79467773,0.857292712,11050,0.584971011,Osmancik
12692,465.1719971,193.2073212,85.2905426,0.897287965,13118,0.714800656,Cammeo
11447,436.868988,180.4373169,82.31012726,0.889892578,11733,0.572579026,Osmancik
11715,429.1659851,171.0996399,89.10729218,0.85368371,12066,0.649534285,Osmancik
11483,437.0249939,185.7523804,79.0817337,0.904846787,11665,0.575070083,Osmancik
12417,455.0830078,187.2952118,85.6113739,0.889418781,12851,0.65876174,Cammeo
11859,421.8129883,169.9307861,89.38180542,0.850491047,12056,0.701466918,Osmancik
12239,473.5140076,208.0478973,75.60643768,0.931629777,12622,0.517199099,Cammeo
11496,440.4689941,185.7225647,79.85572052,0.902841687,11759,0.750930846,Osmancik
12269,435.6560059,175.9555206,90.2980957,0.858276784,12583,0.778835773,Osmancik
10491,411.9949951,174.7058105,77.03625488,0.897532403,10658,0.767615438,Osmancik
11873,432.3330078,175.0971527,87.68571472,0.865572751,12162,0.650932014,Osmancik
13342,488.269989,208.6655121,83.16635132,0.917140961,13703,0.525938213,Cammeo
12672,450.3439941,184.4046173,88.78121185,0.876474738,12939,0.782608688,Osmancik
11540,427.3190002,174.0828094,85.41786957,0.871343374,11829,0.74518919,Osmancik
12581,439.1549988,171.1239014,95.38031006,0.830260396,12858,0.695736349,Osmancik
14478,469.1610107,190.8477173,97.34318542,0.860140681,14686,0.765424252,Cammeo
11872,429.5379944,180.0838623,84.37754059,0.883439183,12041,0.640448809,Osmancik
13079,436.0450134,174.8923187,95.94194794,0.836099863,13228,0.77257961,Osmancik
12279,462.006012,197.8462524,80.54206085,0.913386166,12619,0.636943638,Cammeo
16588,519.559021,218.394455,97.66686249,0.894432008,16852,0.640067935,Cammeo
13132,480.0190125,199.2529297,85.41971588,0.903446913,13594,0.580907702,Cammeo
12301,440.0069885,175.4166718,90.5779953,0.856372178,12591,0.669624388,Osmancik
11903,433.7130127,180.9060364,84.36025238,0.88461566,12104,0.686447501,Osmancik
8501,371.0249939,153.8962555,71.51190948,0.885480762,8738,0.639846444,Osmancik
10604,409.5109863,172.3027039,78.91883087,0.888939679,10755,0.58618021,Osmancik
9711,396.4689941,166.6904602,74.74411011,0.893832684,9859,0.587832928,Osmancik
10820,424.7810059,178.7657623,78.07855988,0.89957583,11081,0.714852035,Osmancik
13925,478.2900085,196.5747681,91.43114471,0.885246873,14323,0.662779629,Cammeo
13149,463.3110046,189.8730927,89.23203278,0.882689774,13421,0.787176728,Osmancik
14687,498.3909912,210.5804443,90.29588318,0.903401732,14977,0.566103935,Cammeo
11462,432.1080017,180.2800598,81.89021301,0.890879929,11725,0.699926734,Osmancik
12422,444.0849915,183.1343842,86.9521637,0.880093813,12658,0.623406589,Osmancik
13331,461.3089905,193.5599365,88.79623413,0.888563752,13500,0.579507887,Osmancik
13777,480.8359985,197.0058746,90.18474579,0.889067054,14266,0.632639945,Cammeo
9584,390.0039978,162.2966309,75.98748016,0.883621871,9757,0.809459448,Osmancik
12526,441.3299866,179.2462463,90.15467834,0.864306509,12768,0.718893468,Osmancik
12557,443.2189941,175.5974884,92.33856964,0.850575089,12860,0.622867048,Cammeo
15594,515.6610107,216.5342712,93.27998352,0.902454019,16029,0.666666687,Cammeo
15189,506.821991,209.1895447,93.61980438,0.894266009,15629,0.674078047,Cammeo
16405,526.5700073,221.6125183,95.43670654,0.902520597,16837,0.65888828,Cammeo
11512,414.6000061,166.6441956,88.62690735,0.846849144,11700,0.77054888,Osmancik
9441,384.3399963,164.2263794,73.37516785,0.894637465,9566,0.7245031,Osmancik
10360,427.3320007,187.5741882,70.72579193,0.926190853,10525,0.543233156,Osmancik
12281,442.1109924,177.9575348,89.70896149,0.863643467,12666,0.599073172,Osmancik
11977,442.3640137,185.2654114,83.16057587,0.893595755,12186,0.681750894,Osmancik
11976,444.6440125,188.9818573,81.36695862,0.902564645,12149,0.558009505,Osmancik
12633,452.0029907,186.4344788,87.42463684,0.883235574,12863,0.584617496,Osmancik
12091,436.2780151,180.9275513,85.87905884,0.880169272,12303,0.620656013,Osmancik
11114,413.07901,170.099411,84.00698853,0.869535744,11293,0.76039958,Osmancik
12709,446.2049866,180.1974182,90.73625946,0.863973081,12958,0.626244187,Osmancik
13814,477.5859985,198.9030762,89.67539978,0.892599881,14168,0.690976381,Cammeo
11377,429.3859863,172.5396423,85.88433838,0.867311478,11746,0.735423386,Osmancik
14254,491.2609863,207.7671814,88.61370087,0.904485285,14607,0.569613159,Cammeo
9677,390.6170044,160.3530579,77.40150452,0.875788927,9913,0.765827775,Osmancik
10585,409.3160095,167.7482758,81.42166138,0.874303281,10819,0.683564723,Osmancik
11444,424.368988,174.2206573,84.26457214,0.875252783,11638,0.656569123,Osmancik
13677,494.6350098,219.5995636,79.63166046,0.931936264,13936,0.532096148,Cammeo
13973,474.0079956,192.3492889,93.77914429,0.873097241,14354,0.614197791,Cammeo
11923,439.7130127,183.1569519,83.90174866,0.888907552,12116,0.585925579,Osmancik
11267,421.868988,170.3562164,86.01098633,0.863184273,11576,0.740762651,Osmancik
15790,516.4799805,218.4259033,92.93593597,0.904967666,16197,0.750154376,Cammeo
12209,445.8890076,184.8757324,85.02140808,0.887978971,12418,0.617395699,Osmancik
13237,466.0029907,197.9048004,85.70957184,0.90135318,13445,0.592418551,Cammeo
11587,423.1889954,168.6403809,88.72871399,0.850396991,11826,0.611709416,Osmancik
15777,515.684021,218.6982422,93.20509338,0.904637814,16111,0.567191541,Cammeo
14747,501.7659912,213.7421875,88.58164215,0.910080194,15070,0.764410138,Cammeo
15158,505.276001,209.4760284,93.92682648,0.893838346,15586,0.609366834,Cammeo
12752,459.447998,196.4300537,83.10926819,0.906083703,13059,0.790674627,Cammeo
12495,443.678009,184.9876709,87.13018036,0.882130384,12690,0.742600739,Osmancik
12281,437.4590149,179.5417938,88.17609406,0.871093392,12532,0.745749354,Osmancik
15742,499.9819946,209.3941956,96.45911407,0.887577713,15950,0.756608665,Cammeo
16865,517.7470093,210.4794464,103.8049393,0.869925439,17234,0.65020436,Cammeo
17437,536.8989868,230.2574615,97.31147766,0.906306863,17650,0.759153664,Cammeo
11572,418.6289978,164.1232605,90.98297119,0.832278609,11861,0.66163522,Osmancik
11139,423.3240051,173.0767059,82.68975067,0.878488421,11380,0.716426551,Osmancik
9732,395.6239929,166.2510529,75.57277679,0.89071089,9887,0.586547732,Osmancik
12613,450.2059937,184.8757324,88.06604004,0.879254341,12832,0.607299328,Osmancik
13737,484.3850098,209.5435181,84.1657486,0.915787816,13944,0.605207503,Cammeo
12231,450.5589905,187.5421448,84.0381012,0.893982172,12504,0.707157731,Osmancik
10218,401.7730103,163.2447662,80.51644897,0.869901597,10516,0.695385873,Osmancik
11689,434.8770142,183.5699921,81.76420593,0.895325899,11856,0.572316885,Osmancik
16788,533.4879761,230.1293335,93.76287842,0.913233936,17041,0.572676122,Cammeo
12070,444.4549866,183.9394684,85.08071136,0.886594594,12400,0.681920886,Osmancik
13414,479.901001,203.085968,85.73687744,0.906516492,13735,0.714042366,Cammeo
11639,432.3869934,178.6948547,83.95451355,0.882761955,11940,0.593584239,Osmancik
13728,488.1019897,208.9741211,84.64085388,0.914303243,14052,0.557935357,Cammeo
10833,427.6839905,177.2799072,79.53668976,0.893707395,11158,0.763102293,Osmancik
9571,388.5920105,160.9365845,76.43877411,0.880006254,9720,0.637429237,Osmancik
14706,503.3070068,212.684021,89.086586,0.90804702,15074,0.595963717,Cammeo
12881,457.7839966,192.6271667,86.60134888,0.893239975,13109,0.57203126,Osmancik
13410,477.0849915,195.7989349,88.77674866,0.891303241,13842,0.572343171,Cammeo
10759,401.927002,158.9398651,87.47952271,0.834905148,10955,0.619222999,Osmancik
15094,506.5069885,217.9382935,89.09558868,0.912619054,15346,0.668556511,Cammeo
12868,454.8590088,191.5861511,86.5089035,0.892250657,13082,0.786744952,Osmancik
11831,428.7009888,167.4166412,92.25314331,0.834479332,12116,0.773267984,Osmancik
13822,491.6610107,212.1354065,83.65462494,0.9189623,14073,0.65469873,Cammeo
11931,445.1010132,187.920517,82.14220428,0.899407387,12174,0.648142099,Cammeo
11857,434.0889893,175.6072845,87.40577698,0.867329538,12176,0.605195999,Osmancik
11665,430.4400024,172.6012878,87.70522308,0.861275852,11972,0.610221803,Osmancik
11565,428.4859924,180.718338,81.82832336,0.891614795,11737,0.764072418,Osmancik
13513,473.1029968,196.2790833,89.51602936,0.889946461,13867,0.749389946,Cammeo
11983,432.4389954,172.424942,89.33903503,0.855300128,12238,0.700842202,Osmancik
12950,468.5700073,196.6167908,84.80031586,0.902209818,13584,0.761809528,Cammeo
11803,463.8089905,201.6506958,76.42430878,0.925399303,12138,0.549487889,Cammeo
13400,468.2279968,187.6287384,92.69112396,0.869454265,13756,0.599713564,Osmancik
13058,451.3139954,181.8736725,92.20594025,0.86195904,13310,0.628090441,Osmancik
15418,504.7590027,209.923996,94.43704987,0.893097579,15779,0.582690835,Cammeo
10916,416.32901,172.5072479,81.98931122,0.879834414,11093,0.721480489,Osmancik
10796,410.1099854,165.7333527,84.24877167,0.861156881,11060,0.680020154,Osmancik
13153,479.5620117,207.9239349,80.94250488,0.921115637,13339,0.684766769,Cammeo
14057,463.1419983,189.7926025,95.08885193,0.865438879,14259,0.626119077,Cammeo
14759,483.2669983,203.9658661,92.55145264,0.891124189,15002,0.785053194,Cammeo
11145,420.3150024,169.1323395,85.58922577,0.86250484,11364,0.771280289,Osmancik
12182,433.8370056,180.6137238,86.60643768,0.877535343,12341,0.777905464,Osmancik
13413,465.605011,198.8527222,86.09415436,0.901415825,13620,0.635325909,Cammeo
14434,486.6679993,201.2719574,92.73377228,0.88753581,14754,0.625986636,Cammeo
10765,413.677002,164.7950287,84.79120636,0.857475221,11127,0.608707964,Osmancik
12509,464.5090027,201.5314941,79.65081024,0.918583214,12703,0.54481709,Cammeo
15274,511.0539856,211.2999268,93.12004852,0.897654057,15669,0.693264365,Cammeo
11217,424.0849915,168.6538391,86.48292542,0.858517885,11546,0.771882713,Osmancik
10958,422.8800049,172.1343231,82.23724365,0.878495634,11351,0.641982555,Osmancik
10796,413.4200134,170.7816467,80.99688721,0.880378544,10980,0.623037875,Cammeo
10513,410.0350037,165.656601,82.55253601,0.866984367,10789,0.725534856,Osmancik
13072,484.7879944,206.8869324,81.92671967,0.918251574,13593,0.704158604,Cammeo
10824,416.4150085,170.8782196,81.73239899,0.878192246,11046,0.590507388,Osmancik
10795,411.2999878,168.3895569,82.64344788,0.871279478,11029,0.760425448,Osmancik
12619,470.6140137,202.7645111,80.17954254,0.918495297,12937,0.607939482,Cammeo
15087,510.605011,218.1743469,89.15250397,0.912700295,15506,0.549497366,Cammeo
10874,426.8729858,177.2503357,79.62494659,0.893419623,11211,0.639647067,Osmancik
11065,416.0840149,172.1811981,82.18488312,0.878731608,11222,0.617880285,Osmancik
11813,430.2550049,172.5695343,88.02676392,0.860118389,12088,0.717504859,Osmancik
10185,397.980011,163.8427277,79.58455658,0.874104738,10335,0.631510437,Osmancik
12433,442.4819946,173.859314,93.10706329,0.844515562,12769,0.629837871,Osmancik
12863,457.1910095,195.7003937,84.50079346,0.901975811,13023,0.808586895,Cammeo
14162,480.2529907,202.8959198,89.48752594,0.897481859,14414,0.584024072,Cammeo
11889,440.947998,178.9921417,85.91994476,0.877257109,12185,0.763780057,Osmancik
10167,406.8259888,160.961853,82.92120361,0.857093692,10479,0.665031374,Osmancik
12598,466.8370056,199.0391388,81.86654663,0.911496043,13072,0.575408816,Cammeo
11952,443.4909973,181.7682648,85.32751465,0.882969558,12224,0.590134799,Osmancik
11700,436.9289856,179.5748444,83.98395538,0.883896708,11980,0.738543093,Osmancik
11381,434.3179932,174.8636932,85.03392029,0.873799205,11692,0.601850867,Osmancik
15276,506.6849976,212.1356812,93.06375122,0.898633957,15574,0.579228759,Cammeo
10975,412.7380066,169.450119,83.2436142,0.871014476,11149,0.78707689,Osmancik
11480,419.1069946,170.622406,86.62786865,0.861523986,11674,0.785440624,Osmancik
15583,510.6910095,217.3515472,92.12089539,0.905740082,15826,0.686959982,Cammeo
15764,513.8439941,212.1650696,95.95990753,0.891871452,16258,0.60470289,Cammeo
11711,447.0039978,190.9449158,79.28987122,0.909707367,11904,0.591464639,Osmancik
10525,409.7319946,170.315155,79.03762054,0.885800183,10682,0.606768131,Osmancik
10667,411.7470093,163.9302521,84.71981049,0.856103718,10987,0.666104674,Osmancik
10595,403.8200073,163.1214905,83.77961731,0.858028173,10832,0.619228542,Osmancik
10475,410.993988,170.8587036,79.55013275,0.885000467,10739,0.790924191,Osmancik
11393,415.7999878,164.9104309,88.90424347,0.842237771,11638,0.695543349,Osmancik
10910,445.2739868,190.2480469,73.87875366,0.921520948,11229,0.627877533,Osmancik
14436,485.8259888,204.4699554,90.74992371,0.896110952,14864,0.614480913,Cammeo
11717,430.9179993,174.6403351,86.0923233,0.870046735,11948,0.65148735,Osmancik
14961,502.9089966,215.1925049,89.23142242,0.909977078,15218,0.675318241,Cammeo
12682,459.9649963,195.4355011,83.60432434,0.903880656,12892,0.582812488,Cammeo
14730,483.7059937,196.4512634,96.88642883,0.869925559,15006,0.653099239,Cammeo
11710,424.4909973,173.7900391,86.49894714,0.867337227,11880,0.732791007,Osmancik
13468,475.3980103,199.7535858,87.0446701,0.900062799,13817,0.570074081,Cammeo
15569,528.7890015,221.5768433,90.98238373,0.911809623,16286,0.565692902,Cammeo
14559,496.5239868,213.3963623,87.13539886,0.912835956,14765,0.710819244,Cammeo
14811,512.1099854,217.738327,87.48340607,0.915735245,15090,0.549165726,Cammeo
10949,417.4060059,168.0764465,84.67337036,0.863832653,11280,0.619637787,Osmancik
14034,491.7319946,205.5051117,88.35205841,0.902863979,14448,0.555912077,Cammeo
13814,481.4159851,203.0623474,87.31848145,0.902824938,14112,0.637471139,Cammeo
11332,427.3240051,175.5405579,83.60845184,0.879287481,11563,0.595418215,Osmancik
10895,411.5899963,167.4412231,84.25878143,0.864161789,11155,0.686255991,Osmancik
11538,418.6610107,170.8509064,86.49839783,0.86236918,11741,0.713543594,Osmancik
11549,440.2479858,179.1168823,84.49580383,0.881740093,11961,0.595401347,Cammeo
12450,456.2210083,191.142868,84.21341705,0.897714138,12740,0.572150707,Cammeo
12915,456.144989,181.7484436,92.09656525,0.862107456,13284,0.605996609,Osmancik
10926,416.2229919,173.4199829,80.86934662,0.88461566,11113,0.632364869,Osmancik
14441,495.3659973,210.0232849,89.20301819,0.905320466,14805,0.540214002,Cammeo
15168,504.980011,212.8260345,91.61981964,0.902594566,15432,0.583653986,Cammeo
12126,432.9509888,169.8047485,92.43898773,0.838836133,12476,0.751860142,Osmancik
12935,462.980011,195.3043213,85.48748016,0.899114132,13213,0.753041863,Cammeo
15115,492.0159912,200.4536285,97.04860687,0.874987841,15411,0.72382915,Osmancik
12280,444.4230042,182.7072449,86.71579742,0.880192935,12565,0.663389325,Osmancik
11569,433.0130005,183.7203064,80.48042297,0.898945987,11734,0.610372484,Osmancik
17564,527.1160278,221.6029358,101.6587982,0.888568997,17808,0.771162629,Cammeo
11532,422.6910095,168.9230957,88.0403595,0.853443086,11798,0.630680859,Osmancik
14571,489.7309875,202.3937683,92.94208527,0.888325572,14884,0.584898829,Cammeo
15322,506.3980103,217.8637543,90.17707062,0.910315573,15531,0.813615143,Cammeo
13928,479.723999,204.4302826,87.08270264,0.904733717,14158,0.566270947,Cammeo
14944,512.1370239,227.4162598,84.24710846,0.928851068,15147,0.812350512,Cammeo
10215,401.4840088,164.2425995,80.21561432,0.872621477,10435,0.682228029,Osmancik
11987,440.7839966,180.0477448,86.14134979,0.87812233,12299,0.687959135,Osmancik
12532,454.0669861,186.8625946,87.04252625,0.884884596,12888,0.630731285,Osmancik
14819,496.6229858,205.9913483,92.8265686,0.892709136,15194,0.726421595,Cammeo
12315,444.6229858,183.1751862,86.46495819,0.881580234,12523,0.611166239,Osmancik
11764,430.1839905,171.9667358,88.35490417,0.85791558,12010,0.626911819,Osmancik
13404,476.2059937,203.3115692,84.62199402,0.909264743,13751,0.634659111,Cammeo
13263,474.4979858,197.8428955,86.68631744,0.898898304,13607,0.560092926,Cammeo
15554,502.0960083,206.2775269,97.22338867,0.881960571,15826,0.827340424,Cammeo
11757,441.2420044,182.5958557,82.91639709,0.890951812,11967,0.601719618,Osmancik
14511,510.2850037,216.3464966,87.13011169,0.915317059,14957,0.529985368,Cammeo
12692,448.0610046,182.1931763,90.43366241,0.868115962,12999,0.735086322,Osmancik
15308,513.9899902,219.4679108,90.02393341,0.911999285,15720,0.763262868,Cammeo
11726,450.7449951,189.0930786,80.31674957,0.905312002,12061,0.556261837,Osmancik
14890,502.5409851,206.2285309,93.45731354,0.891422331,15349,0.589819789,Cammeo
12732,465.4909973,192.4536743,85.18263245,0.896712422,13105,0.569970429,Cammeo
15147,510.0159912,213.1561737,91.69268799,0.902749479,15719,0.588735998,Cammeo
12068,457.7390137,196.4420624,79.54393768,0.914350748,12347,0.599503219,Cammeo
12349,434.1380005,180.2419281,88.26457977,0.871890664,12526,0.627489865,Osmancik
11353,418.756012,169.480072,86.2026825,0.8609851,11510,0.622969687,Osmancik
13468,470.7630005,194.4734955,89.74106598,0.887162805,14022,0.69183749,Cammeo
10666,416.4240112,173.8935089,78.45743561,0.892432511,10825,0.594736278,Osmancik
13256,462.723999,194.1487579,87.72887421,0.892086744,13465,0.647423685,Cammeo
12715,462.6170044,197.4936371,82.3947525,0.908813775,12924,0.682721198,Osmancik
12726,434.7720032,175.7317505,93.30850983,0.847389817,12896,0.808000028,Osmancik
11080,424.7690125,175.1816864,81.33550262,0.885682046,11337,0.582912445,Osmancik
13848,475.5899963,196.2255554,90.74702454,0.886638701,14260,0.586382091,Cammeo
12210,453.1239929,189.4207764,83.15539551,0.898487926,12641,0.637331665,Cammeo
14272,487.7030029,207.7987366,88.06716156,0.905751169,14510,0.583006561,Cammeo
12587,451.1719971,185.7001343,87.76485443,0.881268501,12941,0.698036849,Osmancik
11774,447.9330139,186.0179291,81.6740036,0.898455203,12103,0.560026646,Cammeo
13002,460.1270142,191.4242096,87.77463531,0.888676524,13325,0.67945236,Cammeo
11525,432.2990112,177.1161041,83.65916443,0.881416023,11794,0.644971728,Osmancik
12671,448.1199951,181.4938202,90.35111237,0.867280841,12949,0.740647674,Osmancik
10943,411.3859863,171.0179291,82.05995941,0.877360106,11155,0.624778748,Osmancik
13789,471.303009,198.523468,88.712883,0.89460218,14025,0.631364465,Cammeo
11962,440.5450134,181.7234039,85.1971817,0.88328898,12283,0.622858644,Osmancik
12101,435.9289856,178.3973236,86.98376465,0.873075843,12302,0.740575254,Osmancik
12981,451.3269958,183.7618561,91.07872772,0.868531168,13231,0.754928768,Osmancik
11963,432.2980042,177.8571167,86.44562531,0.873936713,12162,0.809185624,Osmancik
11101,418.0329895,169.8731842,84.64671326,0.867008388,11340,0.659595966,Osmancik
15448,521.3179932,224.8905334,88.73651123,0.918863118,15847,0.705388129,Cammeo
14800,502.618988,213.9949188,88.85567474,0.909719527,15123,0.791232288,Cammeo
15676,512.335022,214.7678528,93.72193909,0.899758995,15961,0.779280186,Cammeo
11815,456.6029968,200.1107025,75.79281616,0.925497234,12108,0.733759761,Cammeo
14560,487.1289978,200.7395172,93.22658539,0.885617316,14867,0.67345053,Cammeo
12494,437.2189941,179.2800751,89.50730133,0.866452456,12729,0.705238223,Osmancik
10271,415.5390015,177.8222351,74.39627838,0.908274651,10422,0.566082478,Osmancik
12120,441.0,180.3765259,86.71607971,0.876857519,12479,0.642255306,Osmancik
12473,470.3399963,202.4428253,79.02429962,0.920664966,12806,0.525976241,Cammeo
12274,441.8529968,179.8539124,87.76013947,0.872870266,12587,0.615979135,Osmancik
15404,509.5169983,217.2975769,91.39753723,0.907241523,15696,0.633700848,Cammeo
10083,402.9320068,169.0268097,76.9822998,0.890264273,10283,0.644610643,Osmancik
12723,465.9419861,197.7523193,83.90299988,0.905529559,12974,0.683150768,Cammeo
14025,475.9570007,197.3919067,91.75456238,0.885397613,14423,0.679901123,Cammeo
9225,387.8240051,163.4049835,72.74552155,0.895438373,9422,0.585045636,Osmancik
14477,499.4700012,217.1054688,85.79216766,0.918610811,14726,0.575511813,Cammeo
10366,403.4599915,162.3561707,83.06848145,0.859197855,10680,0.707528472,Osmancik
10761,429.0180054,183.5671082,75.22785187,0.91217041,11031,0.57879734,Cammeo
12861,455.8659973,191.8227539,86.29828644,0.893086195,13058,0.58672446,Cammeo
11714,412.2019958,161.3081818,93.22561646,0.816082895,11886,0.764322042,Osmancik
13697,482.3840027,206.7344513,85.18093109,0.911170006,13927,0.597079337,Cammeo
10182,404.848999,168.1189575,77.8888092,0.886203706,10369,0.792743683,Osmancik
11982,448.8640137,188.1459808,81.85521698,0.9004004,12206,0.628152013,Osmancik
14398,487.723999,210.0916901,87.59719849,0.9089306,14654,0.785316885,Cammeo
11197,429.4500122,178.2169189,81.27737427,0.889949679,11461,0.568837643,Osmancik
11879,446.1430054,187.9102325,81.59091949,0.900815725,12095,0.652692318,Osmancik
14101,464.9660034,186.4838409,97.53321075,0.852325559,14346,0.678977251,Osmancik
13580,464.3569946,190.3806305,91.37226868,0.877298474,13781,0.62730968,Cammeo
12437,434.6719971,174.9661865,91.87350464,0.851044893,12670,0.728630841,Osmancik
14364,497.1199951,212.0083466,87.53479767,0.910783768,14805,0.641250014,Cammeo
9369,396.7600098,164.617218,73.85871124,0.893697798,9592,0.652800977,Osmancik
12161,448.5920105,186.4012909,84.41882324,0.891567647,12453,0.60783726,Osmancik
12387,442.269989,177.719635,90.97150421,0.859055698,12754,0.585065186,Osmancik
11573,446.9240112,186.3487854,80.14228821,0.902797401,11884,0.572240889,Osmancik
12974,460.3039856,192.9310455,86.72413635,0.893276095,13232,0.595930338,Osmancik
11012,428.2369995,176.3789673,80.69747162,0.889197648,11325,0.758715749,Osmancik
9961,397.9299927,166.0079803,77.44358826,0.884518445,10130,0.627978802,Osmancik
11337,427.9530029,174.9444427,83.92398071,0.87742275,11617,0.595336854,Osmancik
11116,409.5440063,166.3851318,86.12647247,0.855602622,11313,0.621874154,Osmancik
11657,432.5650024,177.7199402,84.21096802,0.880610466,11946,0.607863605,Osmancik
12452,445.07901,179.0261383,89.89112854,0.864802718,12710,0.617965281,Osmancik
15607,505.9030151,208.0110168,96.88903809,0.884896338,16030,0.724996507,Cammeo
13704,472.0610046,191.9680939,92.88043976,0.875160515,14102,0.747422934,Osmancik
10832,420.0769958,167.8293915,84.05239868,0.865551174,11207,0.597298026,Osmancik
12871,448.5820007,183.8745422,90.27629852,0.871178269,13102,0.733724773,Osmancik
10236,398.5379944,160.8490143,82.49160004,0.858477592,10392,0.795647085,Osmancik
11332,428.6059875,173.0604706,84.94743347,0.871241808,11628,0.598184109,Osmancik
9908,400.9989929,170.6048737,74.5144043,0.899575174,10075,0.58609879,Osmancik
11601,435.5570068,187.0918579,79.5267868,0.905161321,11757,0.720111728,Osmancik
10388,400.5910034,166.1858063,80.09373474,0.8761971,10536,0.670193553,Osmancik
10986,425.1270142,172.678833,83.54908752,0.875155926,11450,0.729918301,Osmancik
13946,482.1400146,203.2573242,88.27828979,0.900759697,14233,0.571510553,Cammeo
12483,451.8139954,189.8994293,84.86184692,0.894594967,12686,0.595705092,Cammeo
12079,445.9949951,190.6735992,81.13324738,0.904954433,12462,0.642670929,Cammeo
11873,430.0440063,176.7291412,86.37124634,0.8724401,12086,0.604223907,Osmancik
12387,444.2250061,178.09758,90.58177185,0.860998511,12753,0.643280029,Osmancik
12153,451.2109985,187.7691956,83.64883423,0.89528811,12497,0.706487596,Cammeo
14045,482.7420044,200.0272369,90.7138443,0.891252458,14305,0.572610915,Cammeo
14695,506.9159851,214.1055298,88.91370392,0.909693718,15086,0.546607673,Cammeo
14166,483.7049866,204.6273193,88.99236298,0.900478899,14412,0.766061008,Cammeo
10665,422.3999939,176.8419342,77.75227356,0.898158908,10884,0.629872441,Osmancik
13200,477.8510132,202.5969543,83.68836975,0.910695612,13585,0.641399443,Cammeo
11287,429.3250122,171.8957367,85.36037445,0.867989659,11599,0.590139091,Osmancik
15936,522.7670288,224.6175079,91.12374115,0.914013386,16298,0.609081209,Cammeo
14906,497.8250122,211.3419037,90.6529541,0.903333068,15150,0.597482741,Cammeo
11342,429.7810059,179.1381378,81.86804962,0.88946116,11532,0.578939319,Osmancik
16037,523.9140015,223.0234375,92.54743958,0.909836292,16404,0.801048934,Cammeo
11752,428.6610107,172.2597656,89.06375122,0.85596627,12082,0.649999976,Osmancik
10736,416.7999878,176.1352539,78.64362335,0.894785821,10930,0.798096955,Osmancik
11646,435.6069946,177.8407898,84.54723358,0.879764497,11902,0.622115374,Osmancik
11243,419.0270081,168.2050781,86.01402283,0.859364212,11421,0.63764745,Osmancik
15164,501.6520081,212.1584015,92.44684601,0.900070429,15461,0.701063335,Cammeo
11353,418.5050049,166.9860077,87.75209045,0.850790083,11587,0.641412437,Osmancik
12539,437.4259949,174.9005737,92.72463226,0.847899973,12835,0.787378311,Osmancik
13998,486.3760071,204.2037964,88.51287842,0.901175857,14401,0.546882331,Cammeo
15252,501.3320007,207.5240479,94.27309418,0.890861213,15595,0.59171325,Cammeo
11455,405.618988,159.5702667,92.32996368,0.815599859,11639,0.776189208,Osmancik
11255,442.6180115,189.4968414,76.36518097,0.915204704,11500,0.775351346,Osmancik
10789,413.7399902,170.5182953,81.97903442,0.876850069,11016,0.690540195,Osmancik
13568,484.6480103,208.0720978,83.69619751,0.915531576,13962,0.787921011,Cammeo
11083,421.7869873,171.485672,83.67474365,0.872877121,11415,0.6976583,Osmancik
11891,430.3009949,175.0167389,87.99028778,0.864429772,12170,0.61038959,Osmancik
14252,493.1140137,202.6546021,91.30965424,0.892742157,14627,0.563765824,Cammeo
12745,470.3039856,205.0926819,79.50904083,0.921796679,12940,0.533174336,Cammeo
13200,472.4649963,203.313736,83.57887268,0.911597788,13467,0.745299518,Cammeo
11280,421.6830139,170.8309174,85.05522156,0.867239475,11510,0.605475068,Osmancik
12956,458.6560059,187.2114563,89.15869141,0.879312158,13310,0.71077466,Osmancik
15603,511.743988,211.1042023,95.43998718,0.891967773,16021,0.580511928,Cammeo
12583,434.0029907,171.657074,94.46522522,0.834958017,12897,0.743280768,Osmancik
13811,485.6900024,209.2727661,85.20029449,0.913372159,14083,0.690619051,Cammeo
12826,452.821991,181.8579712,91.52682495,0.864119112,13129,0.606200993,Osmancik
12693,448.1579895,180.0895996,91.82331848,0.860248089,13035,0.593408108,Osmancik
14434,477.618988,200.3898773,92.38155365,0.887395442,14660,0.783434629,Cammeo
13831,483.6159973,202.8757782,88.29086304,0.900335431,14270,0.591068387,Cammeo
11087,432.3829956,177.4989777,80.54419708,0.891117454,11380,0.594636619,Osmancik
14794,501.5690002,213.4909973,89.19424438,0.908543944,15202,0.680621982,Cammeo
12618,457.8980103,193.8157196,83.47735596,0.902492881,12851,0.582225919,Cammeo
13605,466.9370117,191.5222321,91.73204803,0.877835155,13919,0.612010777,Cammeo
15009,502.4880066,211.0903625,91.76154327,0.900574028,15370,0.615753829,Cammeo
10788,402.3349915,160.8686371,86.55402374,0.842918277,10961,0.76234895,Osmancik
10392,416.4890137,177.3663483,75.56694794,0.904699564,10559,0.562459409,Osmancik
14142,470.7130127,180.6985779,101.7622604,0.826347649,14709,0.702742994,Osmancik
12272,439.9169922,181.7063751,86.94543457,0.878090739,12495,0.641170323,Osmancik
12471,445.3739929,184.9920654,86.85975647,0.882915258,12688,0.671784103,Cammeo
14009,481.9769897,198.5250854,91.06323242,0.888591766,14455,0.684200227,Osmancik
13205,475.6000061,197.5489655,86.34487915,0.899422169,13607,0.691107988,Cammeo
12489,444.0079956,175.3297424,92.48181152,0.849571407,12853,0.744234562,Osmancik
12448,438.9150085,174.4133301,92.27671814,0.848578691,12750,0.681708634,Osmancik
9842,395.572998,159.4990082,80.37096405,0.863764107,10102,0.616666675,Osmancik
14759,493.8039856,207.7845764,91.68565369,0.897382557,15106,0.705868304,Cammeo
16513,525.9840088,219.2754364,97.95169067,0.894680738,16950,0.610146344,Cammeo
11682,423.3739929,168.3994904,89.37419128,0.847542703,11963,0.715808809,Osmancik
9945,396.7080078,166.4235229,76.66471863,0.887576461,10085,0.601997554,Osmancik
15609,492.6629944,202.2301636,99.01204681,0.871946752,15884,0.681020916,Cammeo
11432,428.5369873,172.6930084,85.30267334,0.869487166,11696,0.622861505,Osmancik
13415,470.355011,197.0299377,87.65262604,0.895595372,13629,0.582248271,Cammeo
14013,458.9110107,181.9514923,99.44376373,0.83743304,14323,0.794387758,Cammeo
10588,410.9360046,169.8278809,80.41876221,0.88077718,10783,0.78377378,Osmancik
13871,496.57901,212.5708008,83.77423859,0.919067383,14344,0.527815819,Cammeo
13166,465.9670105,195.9054108,86.00589752,0.898478508,13383,0.658003926,Osmancik
13377,472.9609985,199.9407806,86.68286896,0.901133001,13685,0.79483068,Cammeo
11413,421.9530029,171.3252869,85.99931335,0.864887893,11688,0.699325979,Osmancik
15655,488.9030151,199.5566864,101.026207,0.862384856,15880,0.633754373,Cammeo
13683,481.5710144,206.9267731,84.89906311,0.911957145,13922,0.762199223,Cammeo
14020,488.5820007,207.2651825,86.79779816,0.90808928,14271,0.553909361,Cammeo
16019,509.0130005,214.7909393,96.12420654,0.894271672,16248,0.657594442,Cammeo
9154,383.677002,158.3173676,74.56001282,0.882158399,9346,0.74750942,Osmancik
13092,465.4370117,197.0418701,85.83563995,0.900130033,13369,0.76885128,Cammeo
14251,492.0320129,202.8476105,91.00605011,0.893711329,14658,0.560379088,Cammeo
14166,491.6130066,209.0363464,87.52461243,0.908122182,14386,0.602295935,Cammeo
16030,512.8530273,210.2474823,97.63128662,0.885644615,16306,0.597799718,Cammeo
14892,486.3349915,203.0691833,94.12496185,0.886090755,15111,0.792127669,Cammeo
9598,397.0,172.0067902,72.28364563,0.907414317,9766,0.796845138,Osmancik
15569,504.7539978,214.5067749,93.19715881,0.90068543,15815,0.773038745,Cammeo
11900,442.4230042,184.0609436,83.16404724,0.892104626,12119,0.603877008,Osmancik
11910,434.7380066,178.3672791,86.3225174,0.87509048,12118,0.791625142,Osmancik
13874,486.8179932,207.8072357,85.49026489,0.911458433,14116,0.569400012,Cammeo
15159,515.1309814,216.0619202,91.02570343,0.90692389,15685,0.65071255,Cammeo
